gene_id,gene,log2.fold_change.,p_value,q_value,Sig
ENSMUSG00000090231.10,Cfb,7.51683,5e-05,0.000496523,Up
ENSMUSG00000001131.11,Timp1,7.38921,0.0411,0.122619,Up
ENSMUSG00000019942.12,Cdk1,7.37331,5e-05,0.000496523,Up
ENSMUSG00000029304.14,Spp1,7.09584,5e-05,0.000496523,Up
ENSMUSG00000079017.3,Ifi27l2a,6.89063,0.0042,0.020542,Up
ENSMUSG00000050370.4,Ch25h,6.54097,0.04015,0.120508,Up
ENSMUSG00000050335.16,Lgals3,6.37282,5e-05,0.000496523,Up
ENSMUSG00000056888.11,Glipr1,6.04812,0.0098,0.0402597,Up
ENSMUSG00000037725.7,Ckap2,5.9572,0.044,0.129468,Up
ENSMUSG00000035493.9,Tgfbi,5.91839,1e-04,0.00091011,Up
ENSMUSG00000030107.10,Usp18,5.87158,5e-05,0.000496523,Up
ENSMUSG00000006219.12,Fblim1,5.86679,0.03635,0.111998,Up
ENSMUSG00000037411.10,Serpine1,5.65382,5e-05,0.000496523,Up
ENSMUSG00000034855.13,Cxcl10,5.63786,0.0012,0.00737635,Up
ENSMUSG00000026358.13,Rgs1,5.63616,0.0425,0.125919,Up
ENSMUSG00000036594.14,H2-Aa,5.62857,0.001,0.00630289,Up
ENSMUSG00000040613.14,Apobec1,5.59839,0.0464,0.134585,Up
ENSMUSG00000040204.6,2810417H13Rik,5.56805,1e-04,0.00091011,Up
ENSMUSG00000035692.6,Isg15,5.5212,5e-05,0.000496523,Up
ENSMUSG00000047798.15,Cd300lf,5.51383,2e-04,0.0016564,Up
ENSMUSG00000029816.10,Gpnmb,5.48805,5e-05,0.000496523,Up
ENSMUSG00000034947.13,Tmem106a,5.4843,0.0448,0.131355,Up
ENSMUSG00000043091.8,Tuba1c,5.42068,5e-05,0.000496523,Up
ENSMUSG00000045382.6,Cxcr4,5.41779,5e-05,0.000496523,Up
ENSMUSG00000087107.7,AI662270,5.39483,5e-05,0.000496523,Up
ENSMUSG00000079419.4,Ms4a6c,5.35236,5e-05,0.000496523,Up
ENSMUSG00000001473.6,Tubb6,5.29821,0.00445,0.021561,Up
ENSMUSG00000019214.13,Chtf18,-5.22635,0.00995,0.0406608,Down
ENSMUSG00000015340.10,Cybb,5.19777,1e-04,0.00091011,Up
ENSMUSG00000028494.12,Plin2,5.17613,5e-05,0.000496523,Up
ENSMUSG00000056737.14,Capg,5.11975,5e-05,0.000496523,Up
ENSMUSG00000027306.15,Nusap1,5.1059,5e-05,0.000496523,Up
ENSMUSG00000039899.5,Fgl2,5.08028,0.03705,0.113312,Up
ENSMUSG00000028037.13,Ifi44,5.07637,4e-04,0.00295434,Up
ENSMUSG00000029217.16,Tec,5.02804,5e-05,0.000496523,Up
ENSMUSG00000001506.10,Col1a1,5.02567,5e-05,0.000496523,Up
ENSMUSG00000024679.10,Ms4a6d,5.02124,5e-05,0.000496523,Up
ENSMUSG00000069516.7,Lyz2,4.99453,5e-05,0.000496523,Up
ENSMUSG00000025498.14,Irf7,4.96941,5e-05,0.000496523,Up
ENSMUSG00000035352.3,Ccl12,4.95198,5e-04,0.0035596,Up
ENSMUSG00000029380.11,Cxcl1,4.94666,0.0193,0.0689571,Up
ENSMUSG00000021624.9,Cd180,4.94304,0.00225,0.0122757,Up
ENSMUSG00000029661.16,Col1a2,4.93995,5e-05,0.000496523,Up
ENSMUSG00000020914.17,Top2a,4.92582,5e-05,0.000496523,Up
ENSMUSG00000029373.7,Pf4,4.92403,5e-05,0.000496523,Up
ENSMUSG00000028364.15,Tnc,4.91443,5e-05,0.000496523,Up
ENSMUSG00000026728.9,Vim,4.90924,5e-05,0.000496523,Up
ENSMUSG00000046718.7,Bst2,4.89423,0.00025,0.00198959,Up
ENSMUSG00000025491.14,Ifitm1,4.87773,5e-05,0.000496523,Up
ENSMUSG00000031838.7,Ifi30,4.85594,5e-05,0.000496523,Up
ENSMUSG00000038147.13,Cd84,4.84928,0.04355,0.128387,Up
ENSMUSG00000024529.13,Lox,4.849,5e-05,0.000496523,Up
ENSMUSG00000027907.4,S100a11,4.79548,0.044,0.129468,Up
ENSMUSG00000049130.5,C5ar1,4.77992,7e-04,0.00471333,Up
ENSMUSG00000033213.16,AA467197,4.76424,5e-05,0.000496523,Up
ENSMUSG00000052305.5,Hbb-bs,4.76216,5e-05,0.000496523,Up
ENSMUSG00000097705.1,Gm26740,4.70716,0.04745,0.136673,Up
ENSMUSG00000019929.15,Dcn,4.70107,5e-05,0.000496523,Up
ENSMUSG00000048572.4,Tmem252,4.65937,5e-05,0.000496523,Up
ENSMUSG00000042286.13,Stab1,4.64948,5e-05,0.000496523,Up
ENSMUSG00000024672.11,Ms4a7,4.60651,0.00185,0.0104609,Up
ENSMUSG00000048327.6,Ckap2l,4.57775,0.00035,0.00263998,Up
ENSMUSG00000042489.15,Clspn,4.55254,0.00025,0.00198959,Up
ENSMUSG00000025001.11,Hells,4.52731,0.00015,0.00129406,Up
ENSMUSG00000022014.14,Epsti1,4.51481,0.002,0.0111567,Up
ENSMUSG00000024659.14,Anxa1,4.50675,5e-05,0.000496523,Up
ENSMUSG00000030208.15,Emp1,4.50295,5e-05,0.000496523,Up
ENSMUSG00000068220.5,Lgals1,4.50276,5e-05,0.000496523,Up
ENSMUSG00000021886.6,Gpr65,4.4827,0.00025,0.00198959,Up
ENSMUSG00000034205.16,Loxl2,4.47762,0.00015,0.00129406,Up
ENSMUSG00000052688.12,Rab7b,4.477,5e-05,0.000496523,Up
ENSMUSG00000005397.7,Nid1,4.46847,5e-05,0.000496523,Up
ENSMUSG00000036446.4,Lum,4.46104,5e-05,0.000496523,Up
ENSMUSG00000001918.17,Slc1a5,4.42187,0.00025,0.00198959,Up
ENSMUSG00000015355.13,Cd48,4.37939,0.0103,0.0418023,Up
ENSMUSG00000020649.11,Rrm2,4.33011,5e-05,0.000496523,Up
ENSMUSG00000005087.17,Cd44,4.32627,5e-05,0.000496523,Up
ENSMUSG00000067149.6,Jchain,4.29935,5e-05,0.000496523,Up
ENSMUSG00000089929.1,Bcl2a1b,4.27087,0.00625,0.0280809,Up
ENSMUSG00000001123.15,Lgals9,4.24317,0.00065,0.00443922,Up
ENSMUSG00000033220.6,Rac2,4.22314,0.0014,0.00834559,Up
ENSMUSG00000026042.16,Col5a2,4.21347,4e-04,0.00295434,Up
ENSMUSG00000054717.6,Hmgb2,4.21302,5e-05,0.000496523,Up
ENSMUSG00000069792.5,Wfdc17,4.20183,0.00265,0.0139673,Up
ENSMUSG00000030921.16,Trim30a,4.20113,5e-05,0.000496523,Up
ENSMUSG00000015947.10,Fcgr1,4.19357,5e-05,0.000496523,Up
ENSMUSG00000017716.15,Birc5,4.19351,5e-05,0.000496523,Up
ENSMUSG00000058715.11,Fcer1g,4.17583,5e-05,0.000496523,Up
ENSMUSG00000069919.7,Hba-a1,4.15498,5e-05,0.000496523,Up
ENSMUSG00000023505.13,Cdca3,4.15474,0.0447,0.131154,Up
ENSMUSG00000051439.6,Cd14,4.1397,5e-05,0.000496523,Up
ENSMUSG00000034459.8,Ifit1,4.08834,5e-05,0.000496523,Up
ENSMUSG00000030560.16,Ctsc,4.07629,5e-05,0.000496523,Up
ENSMUSG00000060591.8,Ifitm2,4.07138,0.02195,0.0763182,Up
ENSMUSG00000040212.11,Emp3,4.05973,5e-05,0.000496523,Up
ENSMUSG00000005413.7,Hmox1,4.0562,5e-05,0.000496523,Up
ENSMUSG00000044468.14,Fam46c,4.05011,5e-05,0.000496523,Up
ENSMUSG00000001517.14,Foxm1,4.03708,0.00025,0.00198959,Up
ENSMUSG00000024087.3,Cyp1b1,4.01601,2e-04,0.0016564,Up
ENSMUSG00000071713.4,Csf2rb,4.01365,5e-05,0.000496523,Up
ENSMUSG00000040552.8,C3ar1,4.00903,5e-05,0.000496523,Up
ENSMUSG00000027435.8,Cd93,4.00788,5e-05,0.000496523,Up
ENSMUSG00000018927.3,Ccl6,3.99918,5e-05,0.000496523,Up
ENSMUSG00000025492.6,Ifitm3,3.99401,5e-05,0.000496523,Up
ENSMUSG00000053158.10,Fes,3.97683,3e-04,0.00231628,Up
ENSMUSG00000035455.12,Fignl1,3.97192,5e-05,0.000496523,Up
ENSMUSG00000019122.8,Ccl9,3.97035,9e-04,0.00578711,Up
ENSMUSG00000031586.16,Rbpms,3.96965,5e-05,0.000496523,Up
ENSMUSG00000026669.14,Mcm10,3.96121,5e-05,0.000496523,Up
ENSMUSG00000017737.2,Mmp9,3.94376,5e-05,0.000496523,Up
ENSMUSG00000028480.14,Glipr2,3.92063,5e-05,0.000496523,Up
ENSMUSG00000078920.2,Ifi47,3.90662,0.0273,0.0905602,Up
ENSMUSG00000074874.9,Ctla2b,3.90611,1e-04,0.00091011,Up
ENSMUSG00000021091.8,Serpina3n,3.90534,5e-05,0.000496523,Up
ENSMUSG00000094685.1,Gm5900,3.89313,5e-05,0.000496523,Up
ENSMUSG00000002289.15,Angptl4,3.89297,5e-05,0.000496523,Up
ENSMUSG00000070436.11,Serpinh1,3.8579,5e-05,0.000496523,Up
ENSMUSG00000070780.11,Rbm47,3.83542,5e-05,0.000496523,Up
ENSMUSG00000031304.18,Il2rg,3.82931,5e-05,0.000496523,Up
ENSMUSG00000060586.10,H2-Eb1,3.82135,5e-05,0.000496523,Up
ENSMUSG00000017499.15,Cdc6,3.80791,0.00055,0.00386244,Up
ENSMUSG00000015950.13,Ncf1,3.79583,5e-05,0.000496523,Up
ENSMUSG00000026548.4,Slamf9,3.78208,0.00025,0.00198959,Up
ENSMUSG00000031262.12,Cenpi,3.78057,0.00325,0.016622,Up
ENSMUSG00000024538.7,Ppic,3.77572,5e-05,0.000496523,Up
ENSMUSG00000024677.13,Ms4a6b,3.77567,5e-05,0.000496523,Up
ENSMUSG00000056724.14,Nbeal2,3.77515,3e-04,0.00231628,Up
ENSMUSG00000020143.15,Dock2,3.7698,5e-05,0.000496523,Up
ENSMUSG00000029622.16,Arpc1b,3.75398,5e-05,0.000496523,Up
ENSMUSG00000046805.9,Mpeg1,3.75366,5e-05,0.000496523,Up
ENSMUSG00000021998.16,Lcp1,3.74685,5e-05,0.000496523,Up
ENSMUSG00000079293.11,Clec7a,3.73927,5e-05,0.000496523,Up
ENSMUSG00000001020.8,S100a4,3.71618,5e-05,0.000496523,Up
ENSMUSG00000067212.8,H2-T23,3.71126,0.0265,0.0884496,Up
ENSMUSG00000026193.15,Fn1,3.70779,5e-05,0.000496523,Up
ENSMUSG00000052160.6,Pld4,3.70727,4e-04,0.00295434,Up
ENSMUSG00000073940.3,Hbb-bt,3.69957,5e-05,0.000496523,Up
ENSMUSG00000018930.3,Ccl4,3.69739,5e-05,0.000496523,Up
ENSMUSG00000019874.11,Fabp7,3.69503,5e-05,0.000496523,Up
ENSMUSG00000025473.16,Adam8,3.68986,5e-05,0.000496523,Up
ENSMUSG00000032334.9,Loxl1,3.6747,5e-05,0.000496523,Up
ENSMUSG00000000290.13,Itgb2,3.66219,5e-05,0.000496523,Up
ENSMUSG00000009585.17,Apobec3,3.66108,5e-05,0.000496523,Up
ENSMUSG00000090394.8,4930523C07Rik,3.66076,5e-05,0.000496523,Up
ENSMUSG00000054520.15,Sh3bp2,3.64526,5e-05,0.000496523,Up
ENSMUSG00000018774.13,Cd68,3.64154,5e-05,0.000496523,Up
ENSMUSG00000049037.8,Clec4a1,3.63349,0.04455,0.130776,Up
ENSMUSG00000016024.9,Lbp,3.63224,5e-05,0.000496523,Up
ENSMUSG00000026547.15,Tagln2,3.62233,5e-05,0.000496523,Up
ENSMUSG00000020641.15,Rsad2,3.61994,5e-05,0.000496523,Up
ENSMUSG00000047407.17,Tgif1,3.60894,5e-05,0.000496523,Up
ENSMUSG00000029561.17,Oasl2,3.59007,5e-05,0.000496523,Up
ENSMUSG00000032231.14,Anxa2,3.58905,5e-05,0.000496523,Up
ENSMUSG00000024696.8,Lpxn,3.58232,0.0022,0.0120452,Up
ENSMUSG00000029762.6,Akr1b8,3.57779,0.01615,0.05989,Up
ENSMUSG00000078302.4,Foxd1,3.57359,5e-05,0.000496523,Up
ENSMUSG00000026177.11,Slc11a1,3.57304,5e-05,0.000496523,Up
ENSMUSG00000037321.17,Tap1,3.57081,5e-05,0.000496523,Up
ENSMUSG00000006398.15,Cdc20,3.568,0.00015,0.00129406,Up
ENSMUSG00000028497.12,Hacd4,3.56562,0.00035,0.00263998,Up
ENSMUSG00000000682.7,Cd52,3.5597,5e-05,0.000496523,Up
ENSMUSG00000044258.9,Ctla2a,3.55908,5e-05,0.000496523,Up
ENSMUSG00000031207.16,Msn,3.55866,5e-05,0.000496523,Up
ENSMUSG00000007041.9,Clic1,3.55505,5e-05,0.000496523,Up
ENSMUSG00000097415.2,AU020206,3.5445,5e-05,0.000496523,Up
ENSMUSG00000024353.4,Mzb1,3.53362,0.00295,0.0152954,Up
ENSMUSG00000040751.12,Lat2,3.52996,5e-05,0.000496523,Up
ENSMUSG00000041859.10,Mcm3,3.5291,5e-05,0.000496523,Up
ENSMUSG00000027496.15,Aurka,3.51716,5e-05,0.000496523,Up
ENSMUSG00000000317.11,Bcl6b,3.51693,0.00105,0.00657799,Up
ENSMUSG00000021760.3,Gpx8,3.51626,0.0345,0.107795,Up
ENSMUSG00000089675.1,Ugt1a8,3.50847,0.0323,0.102704,Up
ENSMUSG00000074813.12,Gm14005,3.50676,2e-04,0.0016564,Up
ENSMUSG00000069917.7,Hba-a2,3.49423,5e-05,0.000496523,Up
ENSMUSG00000022150.16,Dab2,3.48537,5e-05,0.000496523,Up
ENSMUSG00000031375.17,Bgn,3.48474,5e-05,0.000496523,Up
ENSMUSG00000028195.4,Cyr61,3.47887,5e-05,0.000496523,Up
ENSMUSG00000054072.11,Iigp1,3.45991,5e-05,0.000496523,Up
ENSMUSG00000039109.15,F13a1,3.45764,5e-05,0.000496523,Up
ENSMUSG00000025574.13,Tk1,3.44098,1e-04,0.00091011,Up
ENSMUSG00000024338.14,Psmb8,3.43744,5e-05,0.000496523,Up
ENSMUSG00000024989.14,Cep55,3.42384,3e-04,0.00231628,Up
ENSMUSG00000031662.7,Snx20,3.42169,0.00895,0.0373734,Up
ENSMUSG00000035929.11,H2-Q4,3.42027,5e-05,0.000496523,Up
ENSMUSG00000029084.5,Cd38,3.41579,5e-05,0.000496523,Up
ENSMUSG00000053113.3,Socs3,3.41492,5e-05,0.000496523,Up
ENSMUSG00000046470.5,Sox18,3.41475,5e-05,0.000496523,Up
ENSMUSG00000033777.3,Tlr13,3.40703,0.0182,0.065822,Up
ENSMUSG00000099757.1,BE692007,3.40603,0.00735,0.032027,Up
ENSMUSG00000020399.14,Havcr2,3.39392,5e-05,0.000496523,Up
ENSMUSG00000043505.8,Gimap5,3.39375,0.0065,0.0289944,Up
ENSMUSG00000022146.12,Osmr,3.38675,5e-05,0.000496523,Up
ENSMUSG00000071637.4,Cebpd,3.38327,5e-05,0.000496523,Up
ENSMUSG00000106734.3,Gm20559,3.37849,0.00065,0.00443922,Up
ENSMUSG00000024965.8,Fermt3,3.37427,0.0327,0.103631,Up
ENSMUSG00000032431.6,Crtap,3.36402,0.01755,0.0639741,Up
ENSMUSG00000005470.8,Asf1b,3.36011,0.0126,0.0492542,Up
ENSMUSG00000029925.13,Tbxas1,3.35651,2e-04,0.0016564,Up
ENSMUSG00000000957.9,Mmp14,3.35616,5e-05,0.000496523,Up
ENSMUSG00000003283.13,Hck,3.3551,5e-05,0.000496523,Up
ENSMUSG00000048200.11,Cracr2b,3.35099,3e-04,0.00231628,Up
ENSMUSG00000033107.5,Rnf125,3.34951,0.0231,0.0792519,Up
ENSMUSG00000002847.6,Pla1a,3.34068,0.0018,0.0102247,Up
ENSMUSG00000026605.14,Cenpf,3.33693,0.0016,0.00929257,Up
ENSMUSG00000021423.5,Ly86,3.33556,5e-05,0.000496523,Up
ENSMUSG00000070327.13,Rnf213,3.33452,5e-05,0.000496523,Up
ENSMUSG00000026395.16,Ptprc,3.3344,5e-05,0.000496523,Up
ENSMUSG00000004837.2,Grap,3.33264,0.00795,0.0341268,Up
ENSMUSG00000021822.2,Plau,3.32012,5e-05,0.000496523,Up
ENSMUSG00000037370.13,Enpp1,3.29623,5e-05,0.000496523,Up
ENSMUSG00000027398.13,Il1b,3.2959,0.01775,0.0645516,Up
ENSMUSG00000056529.7,Ptafr,3.29522,5e-05,0.000496523,Up
ENSMUSG00000048126.16,Col6a3,3.29208,5e-05,0.000496523,Up
ENSMUSG00000026073.13,Il1r2,3.28548,0.0048,0.0227945,Up
ENSMUSG00000028873.16,Cdca8,3.28391,5e-05,0.000496523,Up
ENSMUSG00000027800.14,Tm4sf1,3.28375,5e-05,0.000496523,Up
ENSMUSG00000096727.2,Psmb9,3.28355,5e-05,0.000496523,Up
ENSMUSG00000050063.18,Klk6,3.28316,5e-05,0.000496523,Up
ENSMUSG00000016256.10,Ctsz,3.27986,5e-05,0.000496523,Up
ENSMUSG00000001930.17,Vwf,3.27752,5e-05,0.000496523,Up
ENSMUSG00000037820.15,Tgm2,3.27669,5e-05,0.000496523,Up
ENSMUSG00000004730.14,Adgre1,3.26167,5e-05,0.000496523,Up
ENSMUSG00000068129.5,Cst7,3.25855,5e-05,0.000496523,Up
ENSMUSG00000027715.9,Ccna2,3.24914,0.0033,0.016843,Up
ENSMUSG00000038943.16,Prc1,3.23631,5e-05,0.000496523,Up
ENSMUSG00000030218.2,Mgp,3.23546,5e-05,0.000496523,Up
ENSMUSG00000047534.16,Mis18bp1,3.23269,1e-04,0.00091011,Up
ENSMUSG00000030867.7,Plk1,3.22793,5e-05,0.000496523,Up
ENSMUSG00000028108.15,Ecm1,3.22729,5e-05,0.000496523,Up
ENSMUSG00000033880.11,Lgals3bp,3.21792,5e-05,0.000496523,Up
ENSMUSG00000019832.3,Rab32,3.21608,5e-05,0.000496523,Up
ENSMUSG00000043157.7,Arl11,3.21324,0.00135,0.00809414,Up
ENSMUSG00000027014.14,Cwc22,3.21097,5e-05,0.000496523,Up
ENSMUSG00000020427.11,Igfbp3,3.20884,5e-05,0.000496523,Up
ENSMUSG00000045930.2,Clec14a,3.20774,5e-05,0.000496523,Up
ENSMUSG00000040345.9,Arhgap9,3.20313,0.0076,0.0328742,Up
ENSMUSG00000018920.11,Cxcl16,3.20246,5e-05,0.000496523,Up
ENSMUSG00000040747.9,Cd53,3.20036,5e-05,0.000496523,Up
ENSMUSG00000031871.8,Cdh5,3.1986,5e-05,0.000496523,Up
ENSMUSG00000033124.15,Atg9a,-3.19148,0.01575,0.0586166,Down
ENSMUSG00000025161.16,Slc16a3,3.18949,5e-05,0.000496523,Up
ENSMUSG00000029915.14,Clec5a,3.18736,1e-04,0.00091011,Up
ENSMUSG00000041736.6,Tspo,3.18548,5e-05,0.000496523,Up
ENSMUSG00000037095.7,Lrg1,3.18371,5e-05,0.000496523,Up
ENSMUSG00000028599.10,Tnfrsf1b,3.18054,2e-04,0.0016564,Up
ENSMUSG00000074971.4,Fibin,3.17515,5e-05,0.000496523,Up
ENSMUSG00000061232.15,H2-K1,3.17337,5e-05,0.000496523,Up
ENSMUSG00000021408.14,Ripk1,3.17327,0.01355,0.0522283,Up
ENSMUSG00000027611.12,Procr,3.16913,5e-05,0.000496523,Up
ENSMUSG00000028378.6,Ptgr1,3.16166,0.00165,0.00953837,Up
ENSMUSG00000032359.14,Ctsh,3.15468,5e-05,0.000496523,Up
ENSMUSG00000048779.4,P2ry6,3.1351,5e-05,0.000496523,Up
ENSMUSG00000020592.14,Sdc1,3.12569,5e-05,0.000496523,Up
ENSMUSG00000048612.15,Myof,3.12523,5e-05,0.000496523,Up
ENSMUSG00000063268.12,Parp10,3.10733,0.0073,0.031865,Up
ENSMUSG00000018008.7,Cyth4,3.09628,5e-05,0.000496523,Up
ENSMUSG00000057596.13,Trim30d,3.09359,1e-04,0.00091011,Up
ENSMUSG00000000982.5,Ccl3,3.09224,0.0098,0.0402597,Up
ENSMUSG00000034349.14,Smc4,3.08755,5e-05,0.000496523,Up
ENSMUSG00000028268.14,Gbp3,3.08673,5e-05,0.000496523,Up
ENSMUSG00000030579.9,Tyrobp,3.07709,5e-05,0.000496523,Up
ENSMUSG00000030786.18,Itgam,3.07362,5e-05,0.000496523,Up
ENSMUSG00000048865.16,Arhgap30,3.07336,5e-05,0.000496523,Up
ENSMUSG00000093726.1,Gm20667,3.07196,0.0031,0.0159798,Up
ENSMUSG00000020186.6,Csrp2,3.0716,5e-05,0.000496523,Up
ENSMUSG00000020077.14,Srgn,3.06712,5e-05,0.000496523,Up
ENSMUSG00000034422.14,Parp14,3.04592,3e-04,0.00231628,Up
ENSMUSG00000044786.5,Zfp36,3.0411,5e-05,0.000496523,Up
ENSMUSG00000040084.9,Bub1b,3.03818,5e-04,0.0035596,Up
ENSMUSG00000039476.13,Prrx2,3.0336,5e-05,0.000496523,Up
ENSMUSG00000041390.18,Mdfic,3.03095,5e-05,0.000496523,Up
ENSMUSG00000029605.16,Oas1b,3.02813,0.00065,0.00443922,Up
ENSMUSG00000026222.16,Sp100,3.02806,5e-05,0.000496523,Up
ENSMUSG00000060550.15,H2-Q7,3.02453,5e-05,0.000496523,Up
ENSMUSG00000033355.5,Rtp4,3.01527,5e-05,0.000496523,Up
ENSMUSG00000035778.17,Ggta1,2.99463,5e-05,0.000496523,Up
ENSMUSG00000027654.2,Fam83d,2.99438,5e-05,0.000496523,Up
ENSMUSG00000040528.15,Milr1,2.99388,0.00085,0.00554016,Up
ENSMUSG00000004709.14,Cd244,2.99149,0.02265,0.078053,Up
ENSMUSG00000018654.17,Ikzf1,2.99107,4e-04,0.00295434,Up
ENSMUSG00000028581.17,Laptm5,2.98887,5e-05,0.000496523,Up
ENSMUSG00000059498.13,Fcgr3,2.98453,5e-05,0.000496523,Up
ENSMUSG00000022831.14,Hcls1,2.98201,5e-05,0.000496523,Up
ENSMUSG00000036905.8,C1qb,2.98157,5e-05,0.000496523,Up
ENSMUSG00000017830.15,Dhx58,2.98142,0.0096,0.0395689,Up
ENSMUSG00000031465.6,Angpt2,2.98079,5e-04,0.0035596,Up
ENSMUSG00000001025.8,S100a6,2.97057,5e-05,0.000496523,Up
ENSMUSG00000072620.3,Slfn2,2.96875,5e-05,0.000496523,Up
ENSMUSG00000024397.14,Aif1,2.96749,5e-05,0.000496523,Up
ENSMUSG00000079553.10,Kifc1,2.96703,0.0036,0.0181064,Up
ENSMUSG00000017652.16,Cd40,2.96541,4e-04,0.00295434,Up
ENSMUSG00000028413.13,B4galt1,2.96288,5e-05,0.000496523,Up
ENSMUSG00000073599.9,Ecscr,2.96048,2e-04,0.0016564,Up
ENSMUSG00000036887.5,C1qa,2.95975,5e-05,0.000496523,Up
ENSMUSG00000029552.19,Tes,2.95729,5e-05,0.000496523,Up
ENSMUSG00000071547.3,Nt5dc2,2.95561,0.00205,0.0113743,Up
ENSMUSG00000033386.10,Frrs1,2.95203,1e-04,0.00091011,Up
ENSMUSG00000031170.14,Slc38a5,2.94665,2e-04,0.0016564,Up
ENSMUSG00000004371.14,Il11,2.94493,5e-05,0.000496523,Up
ENSMUSG00000007891.15,Ctsd,2.94081,5e-05,0.000496523,Up
ENSMUSG00000004098.7,Col5a3,2.9335,5e-05,0.000496523,Up
ENSMUSG00000028597.11,Gpx7,2.91566,0.00025,0.00198959,Up
ENSMUSG00000032254.9,Kif23,2.91416,5e-05,0.000496523,Up
ENSMUSG00000057143.14,Trim12c,2.90495,5e-05,0.000496523,Up
ENSMUSG00000052142.15,Rasal3,2.90304,0.0016,0.00929257,Up
ENSMUSG00000026365.15,Cfh,2.90045,5e-05,0.000496523,Up
ENSMUSG00000022148.15,Fyb,2.90026,5e-05,0.000496523,Up
ENSMUSG00000038642.10,Ctss,2.89894,5e-05,0.000496523,Up
ENSMUSG00000060063.9,Alox5ap,2.87988,5e-05,0.000496523,Up
ENSMUSG00000042821.7,Snai1,2.87578,5e-05,0.000496523,Up
ENSMUSG00000098112.7,Bin2,2.87218,5e-05,0.000496523,Up
ENSMUSG00000000628.10,Hk2,2.86603,5e-05,0.000496523,Up
ENSMUSG00000020120.15,Plek,2.862,1e-04,0.00091011,Up
ENSMUSG00000025511.14,Tspan4,2.85678,5e-05,0.000496523,Up
ENSMUSG00000070427.3,Il18bp,2.8528,0.00135,0.00809414,Up
ENSMUSG00000010358.13,Ifi35,2.84783,5e-05,0.000496523,Up
ENSMUSG00000036980.13,Taf6,2.84336,0.00045,0.0032788,Up
ENSMUSG00000037405.7,Icam1,2.83385,3e-04,0.00231628,Up
ENSMUSG00000044876.14,Zfp444,2.83339,5e-05,0.000496523,Up
ENSMUSG00000044811.13,AF251705,2.82543,5e-05,0.000496523,Up
ENSMUSG00000022488.8,Nckap1l,2.82526,5e-05,0.000496523,Up
ENSMUSG00000029456.12,Acad10,2.82437,9e-04,0.00578711,Up
ENSMUSG00000020932.14,Gfap,2.82216,1e-04,0.00091011,Up
ENSMUSG00000074896.3,Ifit3,2.82056,5e-05,0.000496523,Up
ENSMUSG00000056220.14,Pla2g4a,2.81941,1e-04,0.00091011,Up
ENSMUSG00000030341.17,Tnfrsf1a,2.81461,5e-05,0.000496523,Up
ENSMUSG00000031613.8,Hpgd,2.81293,5e-05,0.000496523,Up
ENSMUSG00000036896.5,C1qc,2.81168,5e-05,0.000496523,Up
ENSMUSG00000028044.6,Cks1b,2.80777,5e-05,0.000496523,Up
ENSMUSG00000090272.7,Mndal,2.80638,0.00185,0.0104609,Up
ENSMUSG00000078765.10,U2af1l4,2.80543,0.00205,0.0113743,Up
ENSMUSG00000071715.11,Ncf4,2.80346,0.00015,0.00129406,Up
ENSMUSG00000004665.10,Cnn2,2.80049,5e-05,0.000496523,Up
ENSMUSG00000030793.4,Pycard,2.79659,5e-05,0.000496523,Up
ENSMUSG00000023992.14,Trem2,2.79481,5e-05,0.000496523,Up
ENSMUSG00000036768.5,Kif15,2.78788,5e-05,0.000496523,Up
ENSMUSG00000030745.9,Il21r,2.78114,5e-05,0.000496523,Up
ENSMUSG00000045165.6,AI467606,2.78071,5e-05,0.000496523,Up
ENSMUSG00000024691.13,Fam111a,2.77356,5e-05,0.000496523,Up
ENSMUSG00000034708.11,Grn,2.77329,5e-05,0.000496523,Up
ENSMUSG00000038352.15,Arl5c,2.76146,5e-05,0.000496523,Up
ENSMUSG00000068335.6,Dok1,2.75396,5e-05,0.000496523,Up
ENSMUSG00000031502.9,Col4a1,2.75053,5e-05,0.000496523,Up
ENSMUSG00000047878.12,A4galt,2.75031,5e-05,0.000496523,Up
ENSMUSG00000035697.14,Hmha1,2.74872,5e-05,0.000496523,Up
ENSMUSG00000026355.11,Mcm6,2.74557,5e-05,0.000496523,Up
ENSMUSG00000036908.16,Unc93b1,2.74004,5e-05,0.000496523,Up
ENSMUSG00000038843.17,Gcnt1,2.72923,5e-05,0.000496523,Up
ENSMUSG00000038543.13,BC028528,2.72912,0.01235,0.0485366,Up
ENSMUSG00000059479.7,B3gnt8,2.72632,5e-05,0.000496523,Up
ENSMUSG00000075010.4,AW112010,2.7166,3e-04,0.00231628,Up
ENSMUSG00000024349.9,Tmem173,2.71609,5e-05,0.000496523,Up
ENSMUSG00000041431.16,Ccnb1,2.7121,5e-05,0.000496523,Up
ENSMUSG00000039997.16,Ifi203,2.71017,8e-04,0.0052612,Up
ENSMUSG00000024300.16,Myo1f,2.70782,5e-05,0.000496523,Up
ENSMUSG00000020717.19,Pecam1,2.7025,5e-05,0.000496523,Up
ENSMUSG00000037295.7,Ldlrap1,2.70082,5e-05,0.000496523,Up
ENSMUSG00000034116.17,Vav1,2.69864,5e-05,0.000496523,Up
ENSMUSG00000013584.5,Aldh1a2,2.69351,5e-05,0.000496523,Up
ENSMUSG00000026039.9,Sgol2a,2.69344,5e-05,0.000496523,Up
ENSMUSG00000029759.9,Pon3,2.69254,1e-04,0.00091011,Up
ENSMUSG00000042842.10,Serpinb6b,2.69204,3e-04,0.00231628,Up
ENSMUSG00000058056.15,Palld,2.69102,5e-05,0.000496523,Up
ENSMUSG00000016496.7,Cd274,2.68996,5e-05,0.000496523,Up
ENSMUSG00000068523.12,Gng5,2.68966,0.0018,0.0102247,Up
ENSMUSG00000047090.13,Tmem198b,2.68477,2e-04,0.0016564,Up
ENSMUSG00000022893.14,Adamts1,2.68395,5e-05,0.000496523,Up
ENSMUSG00000030342.8,Cd9,2.67886,5e-05,0.000496523,Up
ENSMUSG00000034792.8,Gna15,2.67866,0.00135,0.00809414,Up
ENSMUSG00000047139.8,Cd24a,2.67409,5e-05,0.000496523,Up
ENSMUSG00000025351.13,Cd63,2.67108,5e-05,0.000496523,Up
ENSMUSG00000022372.14,Sla,2.65985,5e-05,0.000496523,Up
ENSMUSG00000026656.15,Fcgr2b,2.65666,5e-05,0.000496523,Up
ENSMUSG00000027230.9,Creb3l1,2.65617,0.00065,0.00443922,Up
ENSMUSG00000022500.14,Litaf,2.6506,5e-05,0.000496523,Up
ENSMUSG00000036256.13,Igfbp7,2.64809,5e-05,0.000496523,Up
ENSMUSG00000026712.3,Mrc1,2.64707,5e-05,0.000496523,Up
ENSMUSG00000030220.13,Arhgdib,2.64263,5e-05,0.000496523,Up
ENSMUSG00000004266.15,Ptpn6,2.639,5e-05,0.000496523,Up
ENSMUSG00000034957.10,Cebpa,2.6328,5e-05,0.000496523,Up
ENSMUSG00000022912.8,Pros1,2.62902,5e-05,0.000496523,Up
ENSMUSG00000079227.9,Ccr5,2.62338,5e-05,0.000496523,Up
ENSMUSG00000006369.14,Fbln1,2.62151,5e-05,0.000496523,Up
ENSMUSG00000022876.17,Samsn1,2.61192,5e-05,0.000496523,Up
ENSMUSG00000021665.7,Hexb,2.60642,5e-05,0.000496523,Up
ENSMUSG00000002699.12,Lcp2,2.60543,0.00095,0.00604603,Up
ENSMUSG00000000753.15,Serpinf1,2.60429,5e-05,0.000496523,Up
ENSMUSG00000079547.3,H2-DMb1,2.604,5e-05,0.000496523,Up
ENSMUSG00000002870.8,Mcm2,2.60212,0.00015,0.00129406,Up
ENSMUSG00000088252.1,Snord13,2.60154,0.00135,0.00809414,Up
ENSMUSG00000042228.14,Lyn,2.5968,5e-05,0.000496523,Up
ENSMUSG00000085939.3,Cd63-ps,2.59423,5e-05,0.000496523,Up
ENSMUSG00000002233.13,Rhoc,2.58553,5e-05,0.000496523,Up
ENSMUSG00000045345.6,9530056K15Rik,-2.58446,0.00485,0.0229442,Down
ENSMUSG00000032135.14,Mcam,2.58355,5e-05,0.000496523,Up
ENSMUSG00000026126.15,Ptpn18,2.58107,5e-05,0.000496523,Up
ENSMUSG00000045273.8,Cenph,2.57918,5e-05,0.000496523,Up
ENSMUSG00000044562.10,Rasip1,2.57765,5e-05,0.000496523,Up
ENSMUSG00000025358.15,Cdk2,2.57677,5e-05,0.000496523,Up
ENSMUSG00000102153.1,Gm37474,2.57539,0.0015,0.00880231,Up
ENSMUSG00000027377.2,Mall,2.57286,5e-05,0.000496523,Up
ENSMUSG00000032554.15,Trf,2.57263,5e-05,0.000496523,Up
ENSMUSG00000086886.1,Gm15135,2.57035,0.0321,0.102172,Up
ENSMUSG00000025747.12,Tyms,2.56099,1e-04,0.00091011,Up
ENSMUSG00000021948.15,Prkcd,2.55993,5e-05,0.000496523,Up
ENSMUSG00000017756.8,Slc12a7,2.55705,5e-05,0.000496523,Up
ENSMUSG00000027315.13,Spint1,2.55469,5e-05,0.000496523,Up
ENSMUSG00000029826.14,Zc3hav1,2.55286,5e-05,0.000496523,Up
ENSMUSG00000022415.12,Syngr1,2.55128,5e-05,0.000496523,Up
ENSMUSG00000103883.1,Gm37010,2.54675,0.0078,0.0336223,Up
ENSMUSG00000024781.15,Lipa,2.54325,5e-05,0.000496523,Up
ENSMUSG00000095115.1,Itpripl2,2.5405,5e-05,0.000496523,Up
ENSMUSG00000021614.16,Vcan,2.53594,0.00485,0.0229442,Up
ENSMUSG00000019088.13,Dnase1l1,2.53236,0.00845,0.0357056,Up
ENSMUSG00000019997.11,Ctgf,2.52737,5e-05,0.000496523,Up
ENSMUSG00000069874.6,Irgm2,2.52724,5e-05,0.000496523,Up
ENSMUSG00000021190.14,Lgmn,2.52626,5e-05,0.000496523,Up
ENSMUSG00000040296.15,Ddx58,2.5262,7e-04,0.00471333,Up
ENSMUSG00000040483.15,Xaf1,2.52572,0.003,0.0155094,Up
ENSMUSG00000035021.13,Baz1a,2.51913,8e-04,0.0052612,Up
ENSMUSG00000037580.9,Gch1,2.51778,3e-04,0.00231628,Up
ENSMUSG00000073418.4,C4b,2.51677,5e-05,0.000496523,Up
ENSMUSG00000022906.15,Parp9,2.51277,0.01335,0.0515854,Up
ENSMUSG00000023031.7,Cela1,2.51173,0.00125,0.00763084,Up
ENSMUSG00000078945.10,Naip2,2.50764,5e-05,0.000496523,Up
ENSMUSG00000026208.9,Des,2.50495,1e-04,0.00091011,Up
ENSMUSG00000039168.15,Dap,2.50128,5e-05,0.000496523,Up
ENSMUSG00000030339.7,Ltbr,2.49901,5e-05,0.000496523,Up
ENSMUSG00000076617.9,Ighm,2.49704,5e-05,0.000496523,Up
ENSMUSG00000036854.14,Hspb6,2.49568,2e-04,0.0016564,Up
ENSMUSG00000029070.9,Mxra8,2.49431,5e-05,0.000496523,Up
ENSMUSG00000022661.14,Cd200,2.49243,5e-05,0.000496523,Up
ENSMUSG00000022439.9,Parvg,2.48635,0.00175,0.0100093,Up
ENSMUSG00000004791.6,Pgf,2.48455,5e-05,0.000496523,Up
ENSMUSG00000040562.12,Gstm2,2.47737,1e-04,0.00091011,Up
ENSMUSG00000085156.7,Gm11974,2.47521,5e-04,0.0035596,Up
ENSMUSG00000004880.11,Lbr,2.47483,0.00645,0.0288231,Up
ENSMUSG00000062284.4,Gm6030,2.47467,0.03865,0.117081,Up
ENSMUSG00000020831.18,0610010K14Rik,2.46987,0.0218,0.0759241,Up
ENSMUSG00000015243.4,Abca1,2.46581,5e-05,0.000496523,Up
ENSMUSG00000062210.13,Tnfaip8,2.46429,5e-05,0.000496523,Up
ENSMUSG00000024165.8,Hn1l,2.45633,0.00025,0.00198959,Up
ENSMUSG00000029919.5,Hpgds,2.45557,1e-04,0.00091011,Up
ENSMUSG00000027469.16,Tpx2,2.44405,1e-04,0.00091011,Up
ENSMUSG00000056313.5,1810011O10Rik,2.44353,0.00235,0.0126931,Up
ENSMUSG00000046879.6,Irgm1,2.44071,5e-05,0.000496523,Up
ENSMUSG00000020407.13,Upp1,2.43595,5e-05,0.000496523,Up
ENSMUSG00000023249.14,Parp3,2.43537,5e-05,0.000496523,Up
ENSMUSG00000046768.13,Rhoj,2.4345,5e-05,0.000496523,Up
ENSMUSG00000053559.12,Smagp,2.43368,0.00025,0.00198959,Up
ENSMUSG00000002111.8,Spi1,2.43236,0.00025,0.00198959,Up
ENSMUSG00000020773.11,Trim47,2.43063,5e-05,0.000496523,Up
ENSMUSG00000037313.16,Tacc3,2.42438,9e-04,0.00578711,Up
ENSMUSG00000026247.13,Ecel1,2.42431,0.00125,0.00763084,Up
ENSMUSG00000024778.12,Fas,2.42215,0.00065,0.00443922,Up
ENSMUSG00000002297.15,Dbf4,2.41655,5e-05,0.000496523,Up
ENSMUSG00000050105.5,Grrp1,2.41536,5e-05,0.000496523,Up
ENSMUSG00000038235.4,F11r,2.41127,5e-05,0.000496523,Up
ENSMUSG00000017897.18,Eya2,2.40483,0.00065,0.00443922,Up
ENSMUSG00000048450.10,Msx1,2.40451,5e-05,0.000496523,Up
ENSMUSG00000037621.8,Atoh8,2.39918,5e-05,0.000496523,Up
ENSMUSG00000031486.14,Adgra2,2.3984,5e-05,0.000496523,Up
ENSMUSG00000019055.15,Plod1,2.39099,5e-05,0.000496523,Up
ENSMUSG00000019232.14,Etnppl,-2.38988,5e-05,0.000496523,Down
ENSMUSG00000024048.14,Myl12a,2.38895,5e-05,0.000496523,Up
ENSMUSG00000034485.9,Uaca,2.38619,5e-05,0.000496523,Up
ENSMUSG00000031389.17,Arhgap4,2.37828,6e-04,0.00415717,Up
ENSMUSG00000073411.11,H2-D1,2.37074,5e-05,0.000496523,Up
ENSMUSG00000030748.9,Il4ra,2.37051,5e-05,0.000496523,Up
ENSMUSG00000069833.12,Ahnak,2.36992,5e-05,0.000496523,Up
ENSMUSG00000016087.13,Fli1,2.36894,5e-05,0.000496523,Up
ENSMUSG00000041731.13,Pgm5,2.36381,0.00025,0.00198959,Up
ENSMUSG00000002325.14,Irf9,2.36171,5e-05,0.000496523,Up
ENSMUSG00000030403.9,Vasp,2.3594,5e-05,0.000496523,Up
ENSMUSG00000031328.15,Flna,2.35493,5e-05,0.000496523,Up
ENSMUSG00000021384.14,Susd3,2.34927,0.0013,0.00787032,Up
ENSMUSG00000026586.16,Prrx1,2.34834,5e-05,0.000496523,Up
ENSMUSG00000090019.5,Gimap1,2.34661,5e-05,0.000496523,Up
ENSMUSG00000089669.7,Tnfsf13,2.34348,0.00025,0.00198959,Up
ENSMUSG00000010142.12,Tnfrsf13b,2.34239,5e-05,0.000496523,Up
ENSMUSG00000015133.16,Lrrk1,2.33864,5e-05,0.000496523,Up
ENSMUSG00000013974.2,Mcemp1,2.33572,0.0041,0.020172,Up
ENSMUSG00000029484.12,Anxa3,2.33256,5e-05,0.000496523,Up
ENSMUSG00000046402.10,Rbp1,2.33171,5e-05,0.000496523,Up
ENSMUSG00000037214.11,Thap1,2.33085,5e-05,0.000496523,Up
ENSMUSG00000043895.5,S1pr2,2.32781,5e-05,0.000496523,Up
ENSMUSG00000000275.16,Trim25,2.32403,5e-05,0.000496523,Up
ENSMUSG00000059883.16,Irak4,2.32157,0.00225,0.0122757,Up
ENSMUSG00000046731.4,Kctd11,2.32152,5e-05,0.000496523,Up
ENSMUSG00000074825.4,Itpripl1,2.32057,5e-05,0.000496523,Up
ENSMUSG00000032440.12,Tgfbr2,2.31672,5e-05,0.000496523,Up
ENSMUSG00000004891.16,Nes,2.31549,5e-05,0.000496523,Up
ENSMUSG00000022548.14,Apod,2.30919,5e-05,0.000496523,Up
ENSMUSG00000029761.16,Cald1,2.309,5e-05,0.000496523,Up
ENSMUSG00000060802.8,B2m,2.30667,5e-05,0.000496523,Up
ENSMUSG00000026655.14,Fam107b,2.29272,0.00145,0.00856148,Up
ENSMUSG00000040373.12,Cacng5,2.29206,5e-05,0.000496523,Up
ENSMUSG00000032344.17,Mb21d1,2.29187,5e-05,0.000496523,Up
ENSMUSG00000029177.9,Cenpa,2.28539,5e-05,0.000496523,Up
ENSMUSG00000034595.17,Ppp1r18,2.28489,5e-05,0.000496523,Up
ENSMUSG00000073412.6,Lst1,2.28106,0.00075,0.00500121,Up
ENSMUSG00000001751.9,Naglu,2.27663,5e-05,0.000496523,Up
ENSMUSG00000027331.15,Knstrn,2.27011,0.00035,0.00263998,Up
ENSMUSG00000034401.16,Spata6,2.27001,5e-05,0.000496523,Up
ENSMUSG00000096936.1,Gm3510,-2.25694,0.00025,0.00198959,Down
ENSMUSG00000042190.12,Cmklr1,2.25452,5e-05,0.000496523,Up
ENSMUSG00000039234.11,Sec24d,2.25288,5e-05,0.000496523,Up
ENSMUSG00000025077.13,Dclre1a,-2.24881,0.0062,0.027927,Down
ENSMUSG00000108607.1,RP23-455C13.4,-2.24766,0.0051,0.0239446,Down
ENSMUSG00000103620.1,Gm37359,-2.24399,0.0325,0.103207,Down
ENSMUSG00000040322.10,Slc25a24,2.24191,5e-05,0.000496523,Up
ENSMUSG00000024725.12,Ostf1,2.24054,5e-05,0.000496523,Up
ENSMUSG00000021876.14,Rnase4,2.22143,5e-05,0.000496523,Up
ENSMUSG00000031799.9,Tpm4,2.21917,5e-05,0.000496523,Up
ENSMUSG00000021871.17,Pnp,2.21681,0.001,0.00630289,Up
ENSMUSG00000003617.16,Cp,2.21431,2e-04,0.0016564,Up
ENSMUSG00000037318.10,Traf3ip3,2.21166,0.00155,0.00904021,Up
ENSMUSG00000074916.5,Chst14,2.21048,0.00035,0.00263998,Up
ENSMUSG00000033149.16,Phldb2,2.20613,2e-04,0.0016564,Up
ENSMUSG00000026433.13,Rab29,2.20562,5e-05,0.000496523,Up
ENSMUSG00000021457.14,Syk,2.20128,5e-05,0.000496523,Up
ENSMUSG00000064023.4,Klk8,2.20102,0.0224,0.0774493,Up
ENSMUSG00000014778.10,Fhod1,2.19876,0.0026,0.0137563,Up
ENSMUSG00000045106.12,Ccdc73,2.19225,0.0249,0.0842639,Up
ENSMUSG00000026288.14,Inpp5d,2.19065,5e-05,0.000496523,Up
ENSMUSG00000032125.19,Robo4,2.19065,5e-05,0.000496523,Up
ENSMUSG00000040253.15,Gbp7,2.18642,5e-05,0.000496523,Up
ENSMUSG00000026031.15,Cflar,2.18463,2e-04,0.0016564,Up
ENSMUSG00000067578.3,Cbln4,-2.18102,5e-05,0.000496523,Down
ENSMUSG00000052229.5,Gpr17,2.18013,5e-05,0.000496523,Up
ENSMUSG00000097515.2,1700040D17Rik,-2.17957,0.0217,0.0756819,Down
ENSMUSG00000066026.14,Dhrs3,2.17616,5e-05,0.000496523,Up
ENSMUSG00000019773.7,Fbxo5,2.16608,5e-05,0.000496523,Up
ENSMUSG00000024339.12,Tap2,2.16104,5e-05,0.000496523,Up
ENSMUSG00000036461.15,Elf1,2.15747,0.00685,0.0302623,Up
ENSMUSG00000062488.9,Ifit3b,2.14646,5e-05,0.000496523,Up
ENSMUSG00000090667.2,Gm765,-2.14177,5e-05,0.000496523,Down
ENSMUSG00000022443.16,Myh9,2.1417,5e-05,0.000496523,Up
ENSMUSG00000016918.15,Sulf1,2.14029,5e-05,0.000496523,Up
ENSMUSG00000050708.14,Ftl1,2.13996,5e-05,0.000496523,Up
ENSMUSG00000031875.6,Cmtm3,2.13856,5e-05,0.000496523,Up
ENSMUSG00000064360.1,mt-Nd3,-2.136,5e-05,0.000496523,Down
ENSMUSG00000018381.15,Abi3,2.13575,5e-05,0.000496523,Up
ENSMUSG00000031827.12,Cotl1,2.13296,5e-05,0.000496523,Up
ENSMUSG00000025534.17,Gusb,2.12968,5e-05,0.000496523,Up
ENSMUSG00000042485.6,Mustn1,2.12951,0.0122,0.0480382,Up
ENSMUSG00000050295.3,Foxc1,2.11831,5e-05,0.000496523,Up
ENSMUSG00000015852.13,Fcrls,2.11694,5e-05,0.000496523,Up
ENSMUSG00000030798.13,Cd37,2.11376,0.0017,0.00977736,Up
ENSMUSG00000008540.11,Mgst1,2.10511,5e-05,0.000496523,Up
ENSMUSG00000030782.15,Tgfb1i1,2.09408,5e-05,0.000496523,Up
ENSMUSG00000029675.12,Eln,2.09292,1e-04,0.00091011,Up
ENSMUSG00000027848.12,Olfml3,2.08327,0.00725,0.0316913,Up
ENSMUSG00000030737.16,Slco2b1,2.08186,5e-05,0.000496523,Up
ENSMUSG00000041219.14,Arhgap11a,2.07793,5e-05,0.000496523,Up
ENSMUSG00000027293.13,Ehd4,2.07611,5e-05,0.000496523,Up
ENSMUSG00000033105.12,Lss,-2.0744,0.00735,0.032027,Down
ENSMUSG00000050777.7,Tmem37,2.0734,5e-05,0.000496523,Up
ENSMUSG00000027301.7,Oxt,2.07236,0.027,0.0897087,Up
ENSMUSG00000004044.9,Ptrf,2.07186,5e-05,0.000496523,Up
ENSMUSG00000024590.8,Lmnb1,2.06842,5e-05,0.000496523,Up
ENSMUSG00000052384.13,Nrros,2.06814,5e-05,0.000496523,Up
ENSMUSG00000041974.9,Spidr,2.06754,5e-05,0.000496523,Up
ENSMUSG00000021477.8,Ctsl,2.06622,5e-05,0.000496523,Up
ENSMUSG00000026786.14,Apbb1ip,2.06497,5e-05,0.000496523,Up
ENSMUSG00000032035.15,Ets1,2.06178,5e-05,0.000496523,Up
ENSMUSG00000032595.10,Cdhr4,2.06162,0.0171,0.0626832,Up
ENSMUSG00000040164.3,Kcns1,-2.06097,5e-05,0.000496523,Down
ENSMUSG00000048277.15,Syngr2,2.05785,5e-05,0.000496523,Up
ENSMUSG00000024909.14,Efemp2,2.05272,1e-04,0.00091011,Up
ENSMUSG00000050912.15,Tmem123,2.05201,5e-05,0.000496523,Up
ENSMUSG00000001555.10,Fkbp10,2.04872,5e-05,0.000496523,Up
ENSMUSG00000038007.14,Acer2,2.04744,5e-05,0.000496523,Up
ENSMUSG00000024663.17,Rab3il1,2.04502,5e-05,0.000496523,Up
ENSMUSG00000058126.6,Tpm3-rs7,2.04495,5e-05,0.000496523,Up
ENSMUSG00000039497.7,Dse,2.03912,5e-05,0.000496523,Up
ENSMUSG00000027239.14,Mdk,2.03899,5e-05,0.000496523,Up
ENSMUSG00000025969.15,Nrp2,2.03362,5e-05,0.000496523,Up
ENSMUSG00000090035.3,Galnt4,2.03169,5e-05,0.000496523,Up
ENSMUSG00000026104.14,Stat1,2.02984,5e-05,0.000496523,Up
ENSMUSG00000022901.13,Cd86,2.02262,0.00745,0.032338,Up
ENSMUSG00000032265.14,Fam46a,2.02142,5e-05,0.000496523,Up
ENSMUSG00000032116.17,Stt3a,2.01954,5e-05,0.000496523,Up
ENSMUSG00000039934.12,Gsap,2.01838,0.0238,0.0810714,Up
ENSMUSG00000048387.7,Osr1,2.01647,5e-05,0.000496523,Up
ENSMUSG00000028312.19,Smc2,2.01306,5e-05,0.000496523,Up
ENSMUSG00000096956.2,Snhg18,2.01144,5e-05,0.000496523,Up
ENSMUSG00000045312.11,Lhfpl2,2.01037,5e-05,0.000496523,Up
ENSMUSG00000022816.11,Fstl1,2.00781,5e-05,0.000496523,Up
ENSMUSG00000001029.15,Icam2,2.0052,5e-05,0.000496523,Up
ENSMUSG00000095687.1,Rnaset2a,2.00514,5e-05,0.000496523,Up
ENSMUSG00000062082.16,Cd200r4,2.00154,5e-05,0.000496523,Up
ENSMUSG00000104079.1,Gm37024,2,0.0088,0.0368337,Up
ENSMUSG00000016206.6,H2-M3,1.99694,0.00175,0.0100093,Up
ENSMUSG00000059182.7,Skap2,1.99386,5e-05,0.000496523,Up
ENSMUSG00000028464.16,Tpm2,1.99287,8e-04,0.0052612,Up
ENSMUSG00000018293.4,Pfn1,1.99203,5e-05,0.000496523,Up
ENSMUSG00000001750.15,Tcirg1,1.98988,5e-05,0.000496523,Up
ENSMUSG00000015478.13,Rnf5,1.98787,3e-04,0.00231628,Up
ENSMUSG00000038507.6,Parp12,1.98416,5e-05,0.000496523,Up
ENSMUSG00000027082.15,Tfpi,1.98405,0.00015,0.00129406,Up
ENSMUSG00000041548.4,Hspb8,1.98326,5e-05,0.000496523,Up
ENSMUSG00000002885.14,Adgre5,1.98146,5e-05,0.000496523,Up
ENSMUSG00000062980.15,Cped1,1.98019,3e-04,0.00231628,Up
ENSMUSG00000032577.16,Mapkapk3,1.98001,1e-04,0.00091011,Up
ENSMUSG00000029096.15,Htra3,1.97836,5e-05,0.000496523,Up
ENSMUSG00000071001.4,Hrct1,1.97776,0.00135,0.00809414,Up
ENSMUSG00000030104.9,Edem1,1.97527,5e-05,0.000496523,Up
ENSMUSG00000062300.13,Pvrl2,1.96997,0.00925,0.0384195,Up
ENSMUSG00000037960.10,1110007C09Rik,1.96798,5e-05,0.000496523,Up
ENSMUSG00000043822.18,Adamtsl5,-1.96655,0.02105,0.0738087,Down
ENSMUSG00000028871.7,Rspo1,-1.96628,5e-05,0.000496523,Down
ENSMUSG00000039323.18,Igfbp2,1.96586,5e-05,0.000496523,Up
ENSMUSG00000022246.13,Rai14,1.96247,5e-05,0.000496523,Up
ENSMUSG00000028551.14,Cdkn2c,1.95828,0.001,0.00630289,Up
ENSMUSG00000032508.8,Myd88,1.9581,0.00365,0.0182839,Up
ENSMUSG00000086429.9,Gt(ROSA)26Sor,1.95704,0.0295,0.0959117,Up
ENSMUSG00000018899.16,Irf1,1.95506,5e-05,0.000496523,Up
ENSMUSG00000007039.12,Ddah2,1.95381,5e-05,0.000496523,Up
ENSMUSG00000076434.9,Wfdc3,-1.95125,0.01175,0.0465022,Down
ENSMUSG00000021585.8,Cast,1.95037,5e-05,0.000496523,Up
ENSMUSG00000033788.15,Dysf,1.94848,5e-05,0.000496523,Up
ENSMUSG00000075284.10,Wipf1,1.94566,5e-05,0.000496523,Up
ENSMUSG00000075602.10,Ly6a,1.94185,5e-05,0.000496523,Up
ENSMUSG00000020000.7,Moxd1,1.93975,3e-04,0.00231628,Up
ENSMUSG00000031480.15,Thsd1,1.93963,5e-05,0.000496523,Up
ENSMUSG00000002332.15,Dhrs1,1.93737,5e-05,0.000496523,Up
ENSMUSG00000090860.1,Gm17134,1.93411,0.00015,0.00129406,Up
ENSMUSG00000009687.14,Fxyd5,1.93405,5e-05,0.000496523,Up
ENSMUSG00000032643.12,Fhl3,1.93204,0.0021,0.0116,Up
ENSMUSG00000036972.14,Zic4,1.93189,0.0065,0.0289944,Up
ENSMUSG00000079110.11,Capn3,1.93084,0.00235,0.0126931,Up
ENSMUSG00000005410.5,Mcm5,1.93045,5e-05,0.000496523,Up
ENSMUSG00000015839.6,Nfe2l2,1.92875,5e-05,0.000496523,Up
ENSMUSG00000045509.5,Gpr150,-1.92645,0.00015,0.00129406,Down
ENSMUSG00000020912.4,Krt12,-1.92503,0.00155,0.00904021,Down
ENSMUSG00000021903.11,Galnt15,1.92373,5e-05,0.000496523,Up
ENSMUSG00000023067.13,Cdkn1a,1.92121,5e-05,0.000496523,Up
ENSMUSG00000075593.10,Gal3st4,1.9198,5e-05,0.000496523,Up
ENSMUSG00000026452.15,Syt2,-1.91912,0.0014,0.00834559,Down
ENSMUSG00000027215.13,Cd82,1.91617,0.00475,0.0226262,Up
ENSMUSG00000031712.8,Il15,1.91268,0.00105,0.00657799,Up
ENSMUSG00000030074.9,Gxylt2,1.91174,0.0154,0.0577639,Up
ENSMUSG00000040274.11,Cdk6,1.91135,5e-05,0.000496523,Up
ENSMUSG00000085486.1,Gm11634,1.91064,0.00035,0.00263998,Up
ENSMUSG00000032812.16,Arap1,1.90913,5e-05,0.000496523,Up
ENSMUSG00000029994.17,Anxa4,1.90737,5e-05,0.000496523,Up
ENSMUSG00000052151.11,Ppap2c,1.90667,5e-05,0.000496523,Up
ENSMUSG00000056501.3,Cebpb,1.90591,0.00075,0.00500121,Up
ENSMUSG00000022106.14,Rcbtb2,1.9001,5e-05,0.000496523,Up
ENSMUSG00000004105.8,Angptl2,1.89915,0.0223,0.0772325,Up
ENSMUSG00000017057.9,Il13ra1,1.89667,5e-05,0.000496523,Up
ENSMUSG00000026023.16,Cdk15,-1.89556,0.0416,0.123843,Down
ENSMUSG00000021213.11,Akr1c13,1.89214,0.0015,0.00880231,Up
ENSMUSG00000018169.12,Mfng,1.8911,0.00025,0.00198959,Up
ENSMUSG00000075020.5,E530001K10Rik,-1.89005,0.00055,0.00386244,Down
ENSMUSG00000020376.16,Rnf130,1.89002,5e-05,0.000496523,Up
ENSMUSG00000083705.2,Gm8624,1.88692,0.015,0.0566398,Up
ENSMUSG00000040711.7,Sh3pxd2b,1.88649,5e-05,0.000496523,Up
ENSMUSG00000036781.13,Rps27l,1.88595,5e-05,0.000496523,Up
ENSMUSG00000056917.12,Sipa1,1.88292,5e-05,0.000496523,Up
ENSMUSG00000051855.15,Mest,-1.88279,0.01405,0.0538381,Down
ENSMUSG00000078134.1,Gm12355,1.88256,0.0054,0.0250501,Up
ENSMUSG00000010307.5,Tmem86a,1.87802,5e-05,0.000496523,Up
ENSMUSG00000043008.8,Klhl6,1.87745,0.0084,0.0355669,Up
ENSMUSG00000022614.7,Lmf2,1.87222,5e-05,0.000496523,Up
ENSMUSG00000062611.4,Rps3a2,-1.87091,0.00015,0.00129406,Down
ENSMUSG00000017774.19,Myo1c,1.869,1e-04,0.00091011,Up
ENSMUSG00000049502.16,Dtx3l,1.86849,0.01525,0.0573745,Up
ENSMUSG00000055541.17,Lair1,1.868,5e-05,0.000496523,Up
ENSMUSG00000006014.16,Prg4,1.86734,0.0118,0.0466703,Up
ENSMUSG00000026480.12,Ncf2,1.86308,0.00025,0.00198959,Up
ENSMUSG00000030717.9,Nupr1,1.86119,5e-05,0.000496523,Up
ENSMUSG00000024013.14,Fgd2,1.85948,0.00015,0.00129406,Up
ENSMUSG00000042626.13,Shc1,1.85333,5e-05,0.000496523,Up
ENSMUSG00000039316.14,Rftn1,1.85241,5e-05,0.000496523,Up
ENSMUSG00000021583.6,Erap1,1.85183,5e-05,0.000496523,Up
ENSMUSG00000054690.17,Emcn,1.84803,5e-05,0.000496523,Up
ENSMUSG00000023224.12,Serping1,1.84697,5e-05,0.000496523,Up
ENSMUSG00000028702.15,Rad54l,1.83605,5e-05,0.000496523,Up
ENSMUSG00000041445.8,Mmrn2,1.83588,5e-05,0.000496523,Up
ENSMUSG00000021939.7,Ctsb,1.8318,5e-05,0.000496523,Up
ENSMUSG00000078853.8,Igtp,1.83128,0.0183,0.0660491,Up
ENSMUSG00000036181.2,Hist1h1c,1.83127,5e-05,0.000496523,Up
ENSMUSG00000029718.14,Pcolce,1.83001,0.00725,0.0316913,Up
ENSMUSG00000000530.16,Acvrl1,1.83,5e-05,0.000496523,Up
ENSMUSG00000026946.9,Nmi,1.82847,5e-05,0.000496523,Up
ENSMUSG00000095253.4,Zfp799,-1.82582,0.00435,0.0211673,Down
ENSMUSG00000064109.7,Hcst,1.82447,0.0018,0.0102247,Up
ENSMUSG00000029371.7,Cxcl5,1.82347,5e-04,0.0035596,Up
ENSMUSG00000001946.13,Esam,1.82235,5e-05,0.000496523,Up
ENSMUSG00000037625.7,Cldn11,1.81781,5e-05,0.000496523,Up
ENSMUSG00000033752.7,Mnd1,1.81741,0.01125,0.0450544,Up
ENSMUSG00000032278.11,Paqr5,1.81573,1e-04,0.00091011,Up
ENSMUSG00000056481.6,Cd248,1.8149,3e-04,0.00231628,Up
ENSMUSG00000022369.13,Mtbp,1.8131,0.0362,0.111702,Up
ENSMUSG00000099875.1,Gm15453,1.81099,0.0421,0.125032,Up
ENSMUSG00000090546.1,Cdr1,-1.81048,5e-05,0.000496523,Down
ENSMUSG00000027287.14,Snap23,1.81039,5e-05,0.000496523,Up
ENSMUSG00000030671.8,Pde3b,1.8091,5e-05,0.000496523,Up
ENSMUSG00000032419.8,Tbx18,1.80818,0.00025,0.00198959,Up
ENSMUSG00000021242.8,Npc2,1.80303,5e-05,0.000496523,Up
ENSMUSG00000105389.1,BB187690,-1.80258,0.0099,0.0405098,Down
ENSMUSG00000020473.13,Aebp1,1.80241,0.00105,0.00657799,Up
ENSMUSG00000055172.10,C1ra,1.80079,5e-05,0.000496523,Up
ENSMUSG00000030760.14,Acer3,1.80045,5e-05,0.000496523,Up
ENSMUSG00000025809.15,Itgb1,1.80041,5e-05,0.000496523,Up
ENSMUSG00000004609.11,Cd33,1.79971,5e-05,0.000496523,Up
ENSMUSG00000018593.12,Sparc,1.79759,5e-05,0.000496523,Up
ENSMUSG00000028343.10,Erp44,1.79436,5e-05,0.000496523,Up
ENSMUSG00000026708.16,Cenpl,1.78949,5e-05,0.000496523,Up
ENSMUSG00000029810.15,Tmem176b,1.78391,5e-05,0.000496523,Up
ENSMUSG00000021281.15,Tnfaip2,1.78301,5e-05,0.000496523,Up
ENSMUSG00000036402.13,Gng12,1.78138,5e-05,0.000496523,Up
ENSMUSG00000035711.4,Dok3,1.7783,0.00385,0.0191161,Up
ENSMUSG00000027803.14,Wwtr1,1.77813,5e-05,0.000496523,Up
ENSMUSG00000046818.7,Ddit4l,-1.77735,5e-05,0.000496523,Down
ENSMUSG00000098234.7,Snhg6,1.77636,1e-04,0.00091011,Up
ENSMUSG00000090122.3,Kcne1l,1.77486,5e-04,0.0035596,Up
ENSMUSG00000087524.1,Gm14285,-1.7743,0.00055,0.00386244,Down
ENSMUSG00000013707.3,Tnfaip8l2,1.77058,0.02375,0.0809677,Up
ENSMUSG00000040723.14,Rcsd1,1.76465,4e-04,0.00295434,Up
ENSMUSG00000025366.7,Esyt1,1.75619,5e-05,0.000496523,Up
ENSMUSG00000022817.14,Itgb5,1.75302,5e-05,0.000496523,Up
ENSMUSG00000066116.3,Gm10154,1.75187,0.01245,0.0488369,Up
ENSMUSG00000098051.1,Gm27032,-1.74983,0.00025,0.00198959,Down
ENSMUSG00000055214.15,Pld5,-1.74959,0.00085,0.00554016,Down
ENSMUSG00000021127.6,Zfp36l1,1.74882,5e-05,0.000496523,Up
ENSMUSG00000031925.16,Maml2,1.74831,5e-05,0.000496523,Up
ENSMUSG00000022844.7,Pdia5,1.7478,2e-04,0.0016564,Up
ENSMUSG00000023022.13,Lima1,1.74737,5e-05,0.000496523,Up
ENSMUSG00000022177.8,Haus4,1.74628,0.0071,0.0311342,Up
ENSMUSG00000037686.5,Aspg,1.74602,1e-04,0.00091011,Up
ENSMUSG00000061119.6,Prcp,1.74568,5e-05,0.000496523,Up
ENSMUSG00000031214.13,Ophn1,1.74567,0.00095,0.00604603,Up
ENSMUSG00000052593.15,Adam17,1.74524,5e-05,0.000496523,Up
ENSMUSG00000032000.17,Birc3,1.74349,0.00475,0.0226262,Up
ENSMUSG00000023367.14,Tmem176a,1.74276,7e-04,0.00471333,Up
ENSMUSG00000055491.13,Pprc1,1.74176,0.0171,0.0626832,Up
ENSMUSG00000070564.13,Ntn5,-1.74095,5e-05,0.000496523,Down
ENSMUSG00000040229.11,Gpr34,1.73965,6e-04,0.00415717,Up
ENSMUSG00000074476.5,Spc24,1.73925,5e-05,0.000496523,Up
ENSMUSG00000085521.3,4930526A20Rik,1.73896,7e-04,0.00471333,Up
ENSMUSG00000024079.4,Eif2ak2,1.73702,0.0037,0.0184673,Up
ENSMUSG00000041117.8,Ccdc8,1.73586,5e-05,0.000496523,Up
ENSMUSG00000027381.16,Bcl2l11,1.73525,5e-05,0.000496523,Up
ENSMUSG00000035413.8,Tmem98,1.73349,0.00185,0.0104609,Up
ENSMUSG00000103041.1,Gm37305,1.73268,0.0167,0.0615803,Up
ENSMUSG00000053931.11,Cnn3,1.73181,0.0024,0.0129126,Up
ENSMUSG00000045179.9,Sox3,1.73131,5e-05,0.000496523,Up
ENSMUSG00000043131.14,Mob1a,1.73041,5e-05,0.000496523,Up
ENSMUSG00000072949.5,Acot1,1.7293,5e-05,0.000496523,Up
ENSMUSG00000032374.14,Plod2,1.729,4e-04,0.00295434,Up
ENSMUSG00000026785.14,Pkn3,1.72673,0.00215,0.0118183,Up
ENSMUSG00000026748.13,Plxdc2,1.72439,5e-05,0.000496523,Up
ENSMUSG00000030346.16,Rad51ap1,1.7224,8e-04,0.0052612,Up
ENSMUSG00000030263.13,Lrmp,1.71784,0.00015,0.00129406,Up
ENSMUSG00000021214.13,Akr1c18,-1.7173,0.00365,0.0182839,Down
ENSMUSG00000046352.7,Gjb2,1.71694,5e-05,0.000496523,Up
ENSMUSG00000015766.14,Eps8,1.71666,0.0015,0.00880231,Up
ENSMUSG00000032041.15,Tirap,1.71633,0.0151,0.0569655,Up
ENSMUSG00000053175.16,Bcl3,1.70814,0.00345,0.0174865,Up
ENSMUSG00000024818.14,Slc25a45,1.70635,0.00015,0.00129406,Up
ENSMUSG00000025510.13,Cd151,1.70504,5e-05,0.000496523,Up
ENSMUSG00000042312.9,S100a13,1.70459,5e-05,0.000496523,Up
ENSMUSG00000003541.6,Ier3,1.70439,5e-05,0.000496523,Up
ENSMUSG00000007653.12,Gabrb2,-1.7036,7e-04,0.00471333,Down
ENSMUSG00000049929.7,Lpar4,1.70204,5e-05,0.000496523,Up
ENSMUSG00000057789.13,Bak1,1.70136,0.01,0.0407712,Up
ENSMUSG00000040482.15,Dxo,-1.70003,0.01555,0.058116,Down
ENSMUSG00000029730.16,Mcm7,1.69694,0.01405,0.0538381,Up
ENSMUSG00000041144.10,Dnah7b,1.69603,0.0422,0.125209,Up
ENSMUSG00000034165.16,Ccnd3,1.69566,5e-05,0.000496523,Up
ENSMUSG00000081565.1,Rps12-ps5,1.69183,0.01035,0.0419778,Up
ENSMUSG00000021411.15,Pxdc1,1.69035,5e-05,0.000496523,Up
ENSMUSG00000007872.3,Id3,1.68868,5e-05,0.000496523,Up
ENSMUSG00000054400.15,Cklf,1.68473,0.0012,0.00737635,Up
ENSMUSG00000023186.14,Vwa5a,1.68382,5e-05,0.000496523,Up
ENSMUSG00000029231.15,Pdgfra,1.68266,5e-05,0.000496523,Up
ENSMUSG00000028641.16,P3h1,1.68108,0.00015,0.00129406,Up
ENSMUSG00000032387.14,Rbpms2,1.67987,5e-05,0.000496523,Up
ENSMUSG00000024900.4,Cpt1a,1.67935,5e-05,0.000496523,Up
ENSMUSG00000042116.3,Vwa1,1.67843,5e-05,0.000496523,Up
ENSMUSG00000022969.13,Il10rb,1.6758,5e-05,0.000496523,Up
ENSMUSG00000031538.5,Plat,1.67497,5e-05,0.000496523,Up
ENSMUSG00000051048.16,P4ha3,1.67381,5e-05,0.000496523,Up
ENSMUSG00000026478.14,Lamc1,1.67282,5e-05,0.000496523,Up
ENSMUSG00000078153.3,Psme2b,1.67194,5e-05,0.000496523,Up
ENSMUSG00000032285.15,Dnaja4,-1.67104,0.01945,0.0693933,Down
ENSMUSG00000070348.4,Ccnd1,1.66991,5e-05,0.000496523,Up
ENSMUSG00000050737.13,Ptges,1.66851,0.0015,0.00880231,Up
ENSMUSG00000008090.14,Fgfrl1,1.66839,5e-05,0.000496523,Up
ENSMUSG00000020009.12,Ifngr1,1.66833,5e-05,0.000496523,Up
ENSMUSG00000102914.1,Gm35106,1.6672,0.02905,0.0949706,Up
ENSMUSG00000020709.15,Adap2,1.66325,5e-05,0.000496523,Up
ENSMUSG00000000278.10,Scpep1,1.66254,5e-05,0.000496523,Up
ENSMUSG00000063415.12,Cyp26b1,1.66215,5e-05,0.000496523,Up
ENSMUSG00000060090.16,Rp2,1.66134,5e-05,0.000496523,Up
ENSMUSG00000003559.7,As3mt,1.65923,0.00015,0.00129406,Up
ENSMUSG00000038393.14,Txnip,1.65912,5e-05,0.000496523,Up
ENSMUSG00000021990.15,Spata13,1.6532,5e-05,0.000496523,Up
ENSMUSG00000036875.15,Dna2,1.65282,5e-05,0.000496523,Up
ENSMUSG00000028859.14,Csf3r,1.65078,0.00095,0.00604603,Up
ENSMUSG00000020467.15,Efemp1,1.64965,5e-05,0.000496523,Up
ENSMUSG00000055409.13,Nell1,-1.64921,5e-05,0.000496523,Down
ENSMUSG00000029249.15,Rest,1.64843,5e-05,0.000496523,Up
ENSMUSG00000055148.7,Klf2,1.64825,5e-05,0.000496523,Up
ENSMUSG00000011884.13,Gltp,1.6462,5e-05,0.000496523,Up
ENSMUSG00000004043.14,Stat5a,1.64606,0.04435,0.130281,Up
ENSMUSG00000032232.14,Cgnl1,1.6457,5e-05,0.000496523,Up
ENSMUSG00000036606.16,Plxnb2,1.64517,5e-05,0.000496523,Up
ENSMUSG00000031139.14,Mcf2,-1.64238,5e-05,0.000496523,Down
ENSMUSG00000034258.3,Mfsd7c,1.64178,5e-05,0.000496523,Up
ENSMUSG00000007877.2,Tcap,-1.63863,5e-05,0.000496523,Down
ENSMUSG00000020432.12,Tcn2,1.63774,5e-05,0.000496523,Up
ENSMUSG00000005204.12,Senp3,1.63766,5e-05,0.000496523,Up
ENSMUSG00000020101.14,4632428N05Rik,1.63731,5e-05,0.000496523,Up
ENSMUSG00000033318.6,Gstt2,1.63727,5e-05,0.000496523,Up
ENSMUSG00000031143.4,Ccdc22,-1.63677,0.01085,0.0437061,Down
ENSMUSG00000046593.3,Tmem215,-1.63645,5e-05,0.000496523,Down
ENSMUSG00000022105.6,Rb1,1.63272,0.0011,0.00683607,Up
ENSMUSG00000027276.7,Jag1,1.63237,5e-05,0.000496523,Up
ENSMUSG00000084843.1,B230312C02Rik,1.62915,0.00285,0.0148327,Up
ENSMUSG00000005124.9,Wisp1,1.62834,5e-05,0.000496523,Up
ENSMUSG00000047606.3,Ankrd34c,-1.62791,5e-05,0.000496523,Down
ENSMUSG00000042757.15,Tmem108,-1.62552,1e-04,0.00091011,Down
ENSMUSG00000029528.17,Pxn,1.62289,0.00055,0.00386244,Up
ENSMUSG00000020092.8,Pald1,1.62195,5e-05,0.000496523,Up
ENSMUSG00000005054.6,Cstb,1.62176,5e-05,0.000496523,Up
ENSMUSG00000022272.17,Myo10,1.6216,5e-05,0.000496523,Up
ENSMUSG00000022952.16,Runx1,1.61955,0.0199,0.070674,Up
ENSMUSG00000031167.16,Rbm3,1.61928,0.00065,0.00443922,Up
ENSMUSG00000032491.14,Nradd,1.61195,0.00015,0.00129406,Up
ENSMUSG00000027533.10,Fabp5,1.60868,5e-05,0.000496523,Up
ENSMUSG00000038732.14,Mboat1,1.60822,4e-04,0.00295434,Up
ENSMUSG00000028066.15,Pmf1,1.60479,5e-05,0.000496523,Up
ENSMUSG00000020256.14,Aldh1l2,1.60005,0.00015,0.00129406,Up
ENSMUSG00000026604.17,Ptpn14,1.60001,0.00085,0.00554016,Up
ENSMUSG00000050623.4,Tex40,-1.59889,5e-05,0.000496523,Down
ENSMUSG00000039158.11,Akna,1.59738,5e-05,0.000496523,Up
ENSMUSG00000025608.9,Podxl,1.59682,5e-05,0.000496523,Up
ENSMUSG00000004951.10,Hspb1,1.59629,0.00035,0.00263998,Up
ENSMUSG00000037966.15,Ninj1,1.59609,5e-05,0.000496523,Up
ENSMUSG00000058586.11,Serhl,1.59459,5e-05,0.000496523,Up
ENSMUSG00000020844.6,Nxn,1.59004,5e-05,0.000496523,Up
ENSMUSG00000039774.12,Galnt12,1.58981,0.00045,0.0032788,Up
ENSMUSG00000040966.9,Slc22a2,1.58337,0.0029,0.0150613,Up
ENSMUSG00000020097.14,Sgpl1,1.58217,5e-05,0.000496523,Up
ENSMUSG00000043279.9,Trim56,1.58215,5e-05,0.000496523,Up
ENSMUSG00000079427.10,Mthfsl,1.58212,0.02265,0.078053,Up
ENSMUSG00000027635.15,Dsn1,1.58168,9e-04,0.00578711,Up
ENSMUSG00000097563.1,Gm26638,-1.58107,0.02005,0.0711254,Down
ENSMUSG00000028164.15,Manba,1.57967,0.00415,0.0203455,Up
ENSMUSG00000036835.6,Psenen,1.57944,0.0325,0.103207,Up
ENSMUSG00000044350.14,Lacc1,1.57873,0.02025,0.0716507,Up
ENSMUSG00000064210.6,Ano6,1.57619,5e-05,0.000496523,Up
ENSMUSG00000089989.9,Flt3l,1.57374,0.001,0.00630289,Up
ENSMUSG00000014599.10,Csf1,1.57248,5e-05,0.000496523,Up
ENSMUSG00000079225.2,Gm9531,1.57125,0.00275,0.014421,Up
ENSMUSG00000022678.16,Nde1,1.5701,5e-05,0.000496523,Up
ENSMUSG00000042613.9,Pbxip1,1.5701,5e-05,0.000496523,Up
ENSMUSG00000006360.11,Crip1,1.56343,5e-05,0.000496523,Up
ENSMUSG00000022971.18,Ifnar2,1.56211,5e-05,0.000496523,Up
ENSMUSG00000028339.17,Col15a1,1.56167,0.00055,0.00386244,Up
ENSMUSG00000030847.8,Bag3,1.55914,5e-05,0.000496523,Up
ENSMUSG00000026879.14,Gsn,1.55838,5e-05,0.000496523,Up
ENSMUSG00000037470.14,Uggt1,1.55712,5e-05,0.000496523,Up
ENSMUSG00000022769.7,Sdf2l1,1.55707,5e-05,0.000496523,Up
ENSMUSG00000097868.1,A330069E16Rik,1.55302,0.00015,0.00129406,Up
ENSMUSG00000062310.7,Glrp1,1.55294,0.0036,0.0181064,Up
ENSMUSG00000025130.11,P4hb,1.55285,5e-05,0.000496523,Up
ENSMUSG00000032323.13,Cyp11a1,-1.55212,0.0045,0.0217185,Down
ENSMUSG00000031072.13,Oraov1,1.54988,5e-05,0.000496523,Up
ENSMUSG00000034738.8,Nostrin,1.5431,0.00025,0.00198959,Up
ENSMUSG00000024236.17,Svil,1.53539,0.00145,0.00856148,Up
ENSMUSG00000026796.16,Fam129b,1.5334,5e-05,0.000496523,Up
ENSMUSG00000047945.6,Marcksl1,1.53304,5e-05,0.000496523,Up
ENSMUSG00000023272.3,Creld2,1.53297,6e-04,0.00415717,Up
ENSMUSG00000042289.11,Hsd3b7,1.53208,0.00585,0.0267481,Up
ENSMUSG00000040690.15,Col16a1,1.53179,5e-05,0.000496523,Up
ENSMUSG00000056492.5,Adgrf5,1.53129,5e-05,0.000496523,Up
ENSMUSG00000079484.12,Phyhd1,1.52954,0.0035,0.0176822,Up
ENSMUSG00000060519.11,Tor3a,1.52823,0.00205,0.0113743,Up
ENSMUSG00000042745.9,Id1,1.52782,5e-05,0.000496523,Up
ENSMUSG00000017760.15,Ctsa,1.52707,5e-05,0.000496523,Up
ENSMUSG00000012483.4,Rpa3,1.52676,0.0014,0.00834559,Up
ENSMUSG00000022090.10,Pdlim2,1.52406,5e-05,0.000496523,Up
ENSMUSG00000024501.19,Dpysl3,1.52189,5e-05,0.000496523,Up
ENSMUSG00000023015.13,Racgap1,1.52,5e-05,0.000496523,Up
ENSMUSG00000036246.14,Gmip,1.51977,0.0084,0.0355669,Up
ENSMUSG00000022673.4,Mcm4,1.51911,5e-05,0.000496523,Up
ENSMUSG00000022216.16,Psme1,1.51788,3e-04,0.00231628,Up
ENSMUSG00000030048.5,Gkn3,1.51673,0.03315,0.104736,Up
ENSMUSG00000034520.14,Gjc1,1.51584,0.0034,0.0172824,Up
ENSMUSG00000066629.1,Rpl36-ps3,1.51571,0.0116,0.0460994,Up
ENSMUSG00000038612.16,Mcl1,1.51518,5e-05,0.000496523,Up
ENSMUSG00000031503.13,Col4a2,1.51148,3e-04,0.00231628,Up
ENSMUSG00000076431.4,Sox4,1.51092,5e-05,0.000496523,Up
ENSMUSG00000024308.14,Tapbp,1.51069,2e-04,0.0016564,Up
ENSMUSG00000034037.14,Fgd5,1.51007,0.00415,0.0203455,Up
ENSMUSG00000022723.15,Crybg3,1.50984,0.0098,0.0402597,Up
ENSMUSG00000023008.18,Fmnl3,1.50892,0.00115,0.00711831,Up
ENSMUSG00000029999.14,Tgfa,1.5083,5e-05,0.000496523,Up
ENSMUSG00000080875.4,Gm7332,1.50748,0.03845,0.116703,Up
ENSMUSG00000105814.1,mmu-mir-703,1.50635,0.0012,0.00737635,Up
ENSMUSG00000056536.14,Pign,1.50206,0.0039,0.0193104,Up
ENSMUSG00000041378.1,Cldn5,1.50138,1e-04,0.00091011,Up
ENSMUSG00000027997.9,Casp6,1.49921,0.00105,0.00657799,Up
ENSMUSG00000067274.10,Rplp0,1.49782,5e-05,0.000496523,Up
ENSMUSG00000032033.11,Barx2,-1.49742,5e-05,0.000496523,Down
ENSMUSG00000031698.14,Mylk3,-1.49724,0.00805,0.0344252,Down
ENSMUSG00000041012.3,Cmtm8,1.49516,5e-04,0.0035596,Up
ENSMUSG00000029185.14,Fam114a1,1.49461,0.00075,0.00500121,Up
ENSMUSG00000031762.6,Mt2,1.49345,5e-05,0.000496523,Up
ENSMUSG00000045751.16,Mms22l,1.49159,0.00205,0.0113743,Up
ENSMUSG00000032322.14,Pstpip1,1.49005,0.0025,0.0133581,Up
ENSMUSG00000038151.12,Prdm1,1.4899,0.00015,0.00129406,Up
ENSMUSG00000064215.13,Ifi27,1.4889,5e-05,0.000496523,Up
ENSMUSG00000021367.7,Edn1,1.48777,5e-05,0.000496523,Up
ENSMUSG00000102316.1,Gm37629,-1.4876,5e-05,0.000496523,Down
ENSMUSG00000028273.15,Pdlim5,1.48463,5e-05,0.000496523,Up
ENSMUSG00000045932.12,Ifit2,1.48409,6e-04,0.00415717,Up
ENSMUSG00000028607.16,Cpt2,1.4814,1e-04,0.00091011,Up
ENSMUSG00000050270.12,Tmem220,1.48053,0.00125,0.00763084,Up
ENSMUSG00000031232.16,Magt1,1.48006,5e-05,0.000496523,Up
ENSMUSG00000044303.6,Cdkn2a,1.47993,0.0133,0.0514242,Up
ENSMUSG00000027111.15,Itga6,1.47844,5e-05,0.000496523,Up
ENSMUSG00000074622.4,Mafb,1.47817,5e-05,0.000496523,Up
ENSMUSG00000058587.7,Tmod3,1.47735,5e-05,0.000496523,Up
ENSMUSG00000025810.8,Nrp1,1.47709,5e-05,0.000496523,Up
ENSMUSG00000053062.15,Jam2,1.47574,0.0015,0.00880231,Up
ENSMUSG00000036390.8,Gadd45a,1.47538,0.0013,0.00787032,Up
ENSMUSG00000003680.15,Taf6l,1.47295,5e-05,0.000496523,Up
ENSMUSG00000040412.16,5330417C22Rik,-1.47215,0.02935,0.0955741,Down
ENSMUSG00000048385.8,Scrt1,-1.47099,5e-05,0.000496523,Down
ENSMUSG00000024998.17,Plce1,1.46857,0.00015,0.00129406,Up
ENSMUSG00000007655.16,Cav1,1.4665,0.00035,0.00263998,Up
ENSMUSG00000006390.15,Elovl1,1.46644,5e-05,0.000496523,Up
ENSMUSG00000020100.15,Slc29a3,1.46623,5e-05,0.000496523,Up
ENSMUSG00000046280.9,She,1.46522,5e-05,0.000496523,Up
ENSMUSG00000039377.7,Hlx,1.46311,0.01675,0.0617464,Up
ENSMUSG00000020388.12,Pdlim4,1.45926,5e-05,0.000496523,Up
ENSMUSG00000021587.4,Pcsk1,-1.45631,5e-05,0.000496523,Down
ENSMUSG00000050212.4,Eva1b,1.45594,0.00115,0.00711831,Up
ENSMUSG00000060147.15,Serpinb6a,1.45564,5e-05,0.000496523,Up
ENSMUSG00000098488.7,Pla2g4b,-1.45427,0.0017,0.00977736,Down
ENSMUSG00000021647.6,Cartpt,-1.45302,5e-05,0.000496523,Down
ENSMUSG00000062960.10,Kdr,1.4528,5e-05,0.000496523,Up
ENSMUSG00000032355.16,Mlip,-1.45249,5e-05,0.000496523,Down
ENSMUSG00000028128.13,F3,1.45062,5e-05,0.000496523,Up
ENSMUSG00000018470.8,Kcnab3,-1.44707,5e-05,0.000496523,Down
ENSMUSG00000049775.16,Tmsb4x,1.44666,5e-05,0.000496523,Up
ENSMUSG00000049686.14,Orai1,1.44638,0.00065,0.00443922,Up
ENSMUSG00000033006.9,Sox10,1.44591,5e-05,0.000496523,Up
ENSMUSG00000085084.7,4930570G19Rik,-1.44436,0.01775,0.0645516,Down
ENSMUSG00000097328.7,Tnfsf12,1.44404,5e-05,0.000496523,Up
ENSMUSG00000033088.18,Triobp,1.4418,0.00605,0.0274203,Up
ENSMUSG00000100975.1,Gm28875,1.44126,1e-04,0.00091011,Up
ENSMUSG00000087301.7,Gm13629,-1.43852,8e-04,0.0052612,Down
ENSMUSG00000024816.12,Frmd8,1.43837,5e-05,0.000496523,Up
ENSMUSG00000040624.17,Plekhg1,1.43641,5e-05,0.000496523,Up
ENSMUSG00000045917.17,6330416G13Rik,-1.43456,0.0434,0.128066,Down
ENSMUSG00000038587.8,Akap12,1.4341,5e-05,0.000496523,Up
ENSMUSG00000039167.11,Adgrl4,1.43318,5e-05,0.000496523,Up
ENSMUSG00000030500.5,Slc17a6,-1.43162,5e-05,0.000496523,Down
ENSMUSG00000027422.15,Rrbp1,1.431,5e-05,0.000496523,Up
ENSMUSG00000033983.13,Coil,-1.43023,5e-05,0.000496523,Down
ENSMUSG00000038059.6,Smim3,1.42983,5e-05,0.000496523,Up
ENSMUSG00000025239.2,Limd1,1.42931,5e-05,0.000496523,Up
ENSMUSG00000047115.15,Fam221a,1.42811,0.0355,0.110144,Up
ENSMUSG00000019920.17,Lims1,1.42791,5e-05,0.000496523,Up
ENSMUSG00000087141.1,Plcxd2,-1.42684,0.00015,0.00129406,Down
ENSMUSG00000088185.1,Scarna2,-1.42386,0.0209,0.073407,Down
ENSMUSG00000031015.7,Swap70,1.42312,5e-05,0.000496523,Up
ENSMUSG00000056394.17,Lig1,1.42133,5e-05,0.000496523,Up
ENSMUSG00000039994.15,Timeless,1.42085,0.00205,0.0113743,Up
ENSMUSG00000094344.1,Gm11942,1.41882,0.00745,0.032338,Up
ENSMUSG00000055485.6,Soga1,1.41823,0.001,0.00630289,Up
ENSMUSG00000020884.15,Asgr1,1.41599,0.00085,0.00554016,Up
ENSMUSG00000098912.7,1500004A13Rik,-1.41598,0.00025,0.00198959,Down
ENSMUSG00000039835.15,Nhsl1,1.4157,6e-04,0.00415717,Up
ENSMUSG00000002900.15,Lamb1,1.41524,0.00665,0.0295786,Up
ENSMUSG00000030530.15,Furin,1.41443,5e-05,0.000496523,Up
ENSMUSG00000046341.5,Gm11223,-1.41366,0.03635,0.111998,Down
ENSMUSG00000028978.12,Nos3,1.41321,5e-05,0.000496523,Up
ENSMUSG00000006344.16,Ggt5,1.41227,0.0288,0.094327,Up
ENSMUSG00000053012.17,Krcc1,1.41193,5e-05,0.000496523,Up
ENSMUSG00000022799.4,Arhgap31,1.41079,0.0026,0.0137563,Up
ENSMUSG00000061175.11,Fnip2,1.40729,5e-05,0.000496523,Up
ENSMUSG00000096929.7,A330023F24Rik,-1.40512,0.01485,0.0562101,Down
ENSMUSG00000055817.17,Mta3,1.40511,0.0047,0.0224483,Up
ENSMUSG00000021185.15,9030617O03Rik,1.40355,0.00645,0.0288231,Up
ENSMUSG00000066152.11,Slc31a2,1.40341,5e-04,0.0035596,Up
ENSMUSG00000003873.10,Bax,1.40305,0.00305,0.0157417,Up
ENSMUSG00000021136.13,Smoc1,1.40296,5e-05,0.000496523,Up
ENSMUSG00000039911.13,Spsb1,1.40214,0.00055,0.00386244,Up
ENSMUSG00000030790.14,Adm,1.39768,5e-05,0.000496523,Up
ENSMUSG00000000303.12,Cdh1,1.39762,5e-05,0.000496523,Up
ENSMUSG00000024411.9,Aqp4,1.39701,5e-05,0.000496523,Up
ENSMUSG00000037242.8,Clic4,1.39461,5e-05,0.000496523,Up
ENSMUSG00000004562.16,Arhgef40,1.39413,0.00515,0.0240973,Up
ENSMUSG00000026544.6,Dusp23,1.3934,0.00545,0.0252538,Up
ENSMUSG00000000489.6,Pdgfb,1.39048,5e-05,0.000496523,Up
ENSMUSG00000052310.9,Slc39a1,1.38866,5e-05,0.000496523,Up
ENSMUSG00000027900.15,Dram2,1.3859,0.0017,0.00977736,Up
ENSMUSG00000050830.17,Vwc2,-1.38518,0.00205,0.0113743,Down
ENSMUSG00000029544.16,Cabp1,-1.38459,5e-05,0.000496523,Down
ENSMUSG00000087639.1,Gm15512,1.38435,9e-04,0.00578711,Up
ENSMUSG00000031371.14,Haus7,1.38378,0.0439,0.129265,Up
ENSMUSG00000026566.15,Mpzl1,1.38187,5e-05,0.000496523,Up
ENSMUSG00000085543.1,Gm13568,1.38111,5e-05,0.000496523,Up
ENSMUSG00000054675.5,Tmem119,1.38059,5e-05,0.000496523,Up
ENSMUSG00000025290.16,Rps24,1.37735,5e-05,0.000496523,Up
ENSMUSG00000036928.14,Stag3,1.37723,0.00455,0.0218833,Up
ENSMUSG00000031490.5,Eif4ebp1,1.3765,0.0012,0.00737635,Up
ENSMUSG00000029313.18,Aff1,1.37375,5e-05,0.000496523,Up
ENSMUSG00000074280.5,Gm6166,1.37333,5e-05,0.000496523,Up
ENSMUSG00000097924.2,A730020E08Rik,-1.37128,0.02865,0.0939348,Down
ENSMUSG00000003644.17,Rps6ka1,1.36646,0.00025,0.00198959,Up
ENSMUSG00000053799.6,Exoc6,1.36624,0.0013,0.00787032,Up
ENSMUSG00000032849.13,Abcc4,1.36457,5e-05,0.000496523,Up
ENSMUSG00000068615.4,Gjd2,-1.36404,0.0028,0.0146461,Down
ENSMUSG00000024486.5,Hbegf,1.36398,5e-05,0.000496523,Up
ENSMUSG00000021974.14,Fgf9,-1.36265,5e-05,0.000496523,Down
ENSMUSG00000057060.7,Slc35f3,-1.36183,1e-04,0.00091011,Down
ENSMUSG00000055799.13,Tcf7l1,1.36039,5e-05,0.000496523,Up
ENSMUSG00000036206.12,Sh3bp4,1.36029,0.0053,0.0246599,Up
ENSMUSG00000063605.5,Ccdc102a,1.3586,0.00455,0.0218833,Up
ENSMUSG00000091636.1,A330050F15Rik,-1.35784,0.00025,0.00198959,Down
ENSMUSG00000107035.1,Ybx1-ps2,1.35674,0.02015,0.071419,Up
ENSMUSG00000103497.1,Gm37407,-1.35539,0.0316,0.101177,Down
ENSMUSG00000102215.1,Gm2464,-1.35536,0.0189,0.0678794,Down
ENSMUSG00000062169.13,Cnih4,1.35471,5e-05,0.000496523,Up
ENSMUSG00000029913.14,Prdm5,1.35395,0.0016,0.00929257,Up
ENSMUSG00000052336.6,Cx3cr1,1.35314,5e-05,0.000496523,Up
ENSMUSG00000032766.9,Gng11,1.35252,5e-05,0.000496523,Up
ENSMUSG00000021890.5,Eaf1,1.35067,5e-05,0.000496523,Up
ENSMUSG00000002602.16,Axl,1.34674,5e-05,0.000496523,Up
ENSMUSG00000027474.12,Ccm2l,1.34667,0.0017,0.00977736,Up
ENSMUSG00000024937.14,Ehbp1l1,1.34594,5e-05,0.000496523,Up
ENSMUSG00000026749.11,Nek6,1.34589,0.00145,0.00856148,Up
ENSMUSG00000023055.9,Calcoco1,1.34535,2e-04,0.0016564,Up
ENSMUSG00000032123.4,Dpagt1,1.34487,5e-05,0.000496523,Up
ENSMUSG00000051043.16,Gprc5c,1.3443,0.00305,0.0157417,Up
ENSMUSG00000029007.8,Agtrap,1.34318,0.01435,0.0546673,Up
ENSMUSG00000040254.11,Sema3d,1.34295,2e-04,0.0016564,Up
ENSMUSG00000050410.15,Tcf19,1.34098,0.0011,0.00683607,Up
ENSMUSG00000027775.9,Mfsd1,1.33849,5e-05,0.000496523,Up
ENSMUSG00000067786.16,Nnat,1.33842,5e-05,0.000496523,Up
ENSMUSG00000034663.13,Bmp2k,1.33776,5e-05,0.000496523,Up
ENSMUSG00000040452.8,Cdh12,-1.33621,5e-05,0.000496523,Down
ENSMUSG00000032602.6,Slc25a20,1.33518,0.00015,0.00129406,Up
ENSMUSG00000027962.14,Vcam1,1.33468,5e-05,0.000496523,Up
ENSMUSG00000022283.14,Pabpc1,1.3344,5e-05,0.000496523,Up
ENSMUSG00000028159.14,Dapp1,1.33347,0.00065,0.00443922,Up
ENSMUSG00000038463.8,Olfml2b,1.33261,5e-05,0.000496523,Up
ENSMUSG00000030337.16,Vamp1,-1.33247,5e-05,0.000496523,Down
ENSMUSG00000055320.16,Tead1,1.33055,0.00495,0.0233551,Up
ENSMUSG00000102600.1,Gm37266,-1.3305,1e-04,0.00091011,Down
ENSMUSG00000031543.18,Ank1,-1.33037,0.00285,0.0148327,Down
ENSMUSG00000050663.7,Trhde,-1.33011,2e-04,0.0016564,Down
ENSMUSG00000016534.15,Lamp2,1.33007,5e-05,0.000496523,Up
ENSMUSG00000032562.13,Gnai2,1.32829,5e-05,0.000496523,Up
ENSMUSG00000102037.1,Bcl2a1a,1.32773,0.04035,0.120758,Up
ENSMUSG00000025175.12,Fn3k,-1.32667,5e-05,0.000496523,Down
ENSMUSG00000029545.13,Acads,1.32626,5e-05,0.000496523,Up
ENSMUSG00000058656.12,Samd12,-1.32588,0.01145,0.045708,Down
ENSMUSG00000096977.1,Gm10827,1.32442,5e-05,0.000496523,Up
ENSMUSG00000062785.13,Kcnc3,-1.32363,5e-05,0.000496523,Down
ENSMUSG00000041598.7,Cdc42ep4,1.32349,5e-05,0.000496523,Up
ENSMUSG00000004040.16,Stat3,1.32043,5e-05,0.000496523,Up
ENSMUSG00000041966.18,Dcaf17,1.31806,1e-04,0.00091011,Up
ENSMUSG00000095123.1,Gm21781,1.31785,5e-05,0.000496523,Up
ENSMUSG00000027194.16,Ttc17,-1.31761,0.01415,0.0540546,Down
ENSMUSG00000046806.13,3110062M04Rik,1.31606,0.00015,0.00129406,Up
ENSMUSG00000040713.12,Creg1,1.31561,5e-05,0.000496523,Up
ENSMUSG00000018634.10,Crhr1,-1.31464,0.00025,0.00198959,Down
ENSMUSG00000032673.5,Prorsd1,1.31446,5e-05,0.000496523,Up
ENSMUSG00000027270.14,Lamp5,-1.31323,5e-05,0.000496523,Down
ENSMUSG00000022665.14,Ccdc80,1.31314,0.01185,0.0468382,Up
ENSMUSG00000022125.6,Cln5,1.31013,2e-04,0.0016564,Up
ENSMUSG00000093485.1,Gm20708,1.30723,0.0368,0.112936,Up
ENSMUSG00000004085.14,Zak,1.30708,2e-04,0.0016564,Up
ENSMUSG00000017692.8,Rhbdl3,1.30664,0.00345,0.0174865,Up
ENSMUSG00000038539.14,Atf5,1.30557,0.0023,0.0124718,Up
ENSMUSG00000026688.5,Mgst3,-1.30377,5e-05,0.000496523,Down
ENSMUSG00000021556.11,Golm1,1.30249,5e-05,0.000496523,Up
ENSMUSG00000048163.13,Selplg,1.30203,5e-05,0.000496523,Up
ENSMUSG00000025232.7,Hexa,1.30083,5e-05,0.000496523,Up
ENSMUSG00000008999.7,Bmp7,1.29985,0.0012,0.00737635,Up
ENSMUSG00000000171.4,Sdhd,1.29947,5e-05,0.000496523,Up
ENSMUSG00000054612.3,Mgmt,1.29943,0.03585,0.110842,Up
ENSMUSG00000032540.15,Abhd5,1.29814,0.04795,0.137858,Up
ENSMUSG00000030350.8,Prmt8,-1.2981,5e-05,0.000496523,Down
ENSMUSG00000052957.7,Gas1,1.29801,2e-04,0.0016564,Up
ENSMUSG00000020520.14,Galnt10,1.29642,0.00045,0.0032788,Up
ENSMUSG00000030270.11,Cpne9,-1.29624,5e-05,0.000496523,Down
ENSMUSG00000045967.11,Gpr158,-1.29554,5e-05,0.000496523,Down
ENSMUSG00000030047.14,Arhgap25,1.29484,0.00015,0.00129406,Up
ENSMUSG00000070644.13,Etnk2,-1.29206,1e-04,0.00091011,Down
ENSMUSG00000034993.7,Vat1,1.29183,0.01625,0.060189,Up
ENSMUSG00000001240.13,Ramp2,1.29113,0.0299,0.0969331,Up
ENSMUSG00000019487.10,Trip10,1.29063,0.0026,0.0137563,Up
ENSMUSG00000027737.10,Slc7a11,1.28974,5e-05,0.000496523,Up
ENSMUSG00000074736.10,Syndig1,-1.28792,5e-05,0.000496523,Down
ENSMUSG00000019917.9,Sept10,1.28653,5e-05,0.000496523,Up
ENSMUSG00000041703.7,Zic5,1.28627,3e-04,0.00231628,Up
ENSMUSG00000053199.13,Arhgap20,-1.28413,0.00485,0.0229442,Down
ENSMUSG00000025134.2,Alyref,1.28385,0.0173,0.0632297,Up
ENSMUSG00000016481.15,Cr1l,1.28343,0.00025,0.00198959,Up
ENSMUSG00000001948.9,Spa17,1.28193,0.0275,0.0910049,Up
ENSMUSG00000024885.8,Aldh3b1,1.28185,0.00155,0.00904021,Up
ENSMUSG00000035131.14,Brinp3,-1.28129,5e-05,0.000496523,Down
ENSMUSG00000075514.4,Gm13375,-1.28034,0.0283,0.0930574,Down
ENSMUSG00000048142.9,Nat8l,-1.28017,5e-05,0.000496523,Down
ENSMUSG00000078307.2,AI593442,-1.28007,5e-05,0.000496523,Down
ENSMUSG00000086075.1,Gm15728,-1.28004,0.00255,0.0135495,Down
ENSMUSG00000026727.10,Rsu1,1.279,5e-05,0.000496523,Up
ENSMUSG00000039680.9,Mrps6,1.27856,5e-05,0.000496523,Up
ENSMUSG00000032353.8,Tmed3,1.27763,5e-05,0.000496523,Up
ENSMUSG00000107659.1,RP23-49L8.5,1.2774,5e-05,0.000496523,Up
ENSMUSG00000030536.10,Iqgap1,1.27717,5e-05,0.000496523,Up
ENSMUSG00000028333.10,Anp32b,1.27609,5e-05,0.000496523,Up
ENSMUSG00000022505.8,Emp2,1.27567,5e-05,0.000496523,Up
ENSMUSG00000026921.18,Egfl7,1.27463,5e-05,0.000496523,Up
ENSMUSG00000085862.1,Gm13483,-1.27453,0.0235,0.0802917,Down
ENSMUSG00000021025.7,Nfkbia,1.27305,5e-05,0.000496523,Up
ENSMUSG00000008683.16,Rps15a,1.27239,5e-05,0.000496523,Up
ENSMUSG00000048027.7,Rgmb,1.27115,5e-05,0.000496523,Up
ENSMUSG00000091957.3,Rps2-ps10,1.26936,4e-04,0.00295434,Up
ENSMUSG00000075270.11,Pde11a,-1.26812,0.00075,0.00500121,Down
ENSMUSG00000073415.4,Gm10501,-1.26747,3e-04,0.00231628,Down
ENSMUSG00000058173.11,Smco4,1.26622,0.00035,0.00263998,Up
ENSMUSG00000008393.8,Carhsp1,1.26608,5e-05,0.000496523,Up
ENSMUSG00000066406.14,Akap13,1.26533,5e-05,0.000496523,Up
ENSMUSG00000009207.15,Lnp,-1.26444,0.0055,0.025457,Down
ENSMUSG00000051456.4,Hspb3,-1.26357,0.03565,0.110416,Down
ENSMUSG00000025221.15,Kcnip2,-1.26302,5e-05,0.000496523,Down
ENSMUSG00000017417.14,Plxdc1,-1.26266,5e-05,0.000496523,Down
ENSMUSG00000040794.5,C1qtnf4,-1.26264,5e-05,0.000496523,Down
ENSMUSG00000027489.15,Necab3,-1.26255,0.0012,0.00737635,Down
ENSMUSG00000021280.8,Exoc3l4,1.2623,5e-05,0.000496523,Up
ENSMUSG00000031023.5,Akip1,1.26177,0.0036,0.0181064,Up
ENSMUSG00000023143.10,Nagpa,1.26103,5e-05,0.000496523,Up
ENSMUSG00000015843.10,Rxrg,1.25975,0.00015,0.00129406,Up
ENSMUSG00000021294.7,Kif26a,1.25973,5e-05,0.000496523,Up
ENSMUSG00000042388.14,Dlgap3,-1.25882,5e-05,0.000496523,Down
ENSMUSG00000085315.7,A430018G15Rik,-1.25871,5e-05,0.000496523,Down
ENSMUSG00000025464.14,Paox,1.25686,5e-05,0.000496523,Up
ENSMUSG00000036820.11,Amdhd2,1.25505,5e-05,0.000496523,Up
ENSMUSG00000038650.14,Rnh1,1.25375,5e-05,0.000496523,Up
ENSMUSG00000092274.2,Neat1,1.25103,5e-05,0.000496523,Up
ENSMUSG00000032258.15,Lca5,-1.25033,0.0378,0.11518,Down
ENSMUSG00000005716.16,Pvalb,-1.25009,5e-05,0.000496523,Down
ENSMUSG00000041801.5,Phlda3,1.24909,5e-05,0.000496523,Up
ENSMUSG00000027890.17,Gstm4,1.24862,0.0011,0.00683607,Up
ENSMUSG00000051906.14,Cd209f,1.24826,0.00985,0.0403318,Up
ENSMUSG00000003228.8,Grk5,1.24781,0.0308,0.0993582,Up
ENSMUSG00000022724.15,Mina,1.24668,0.0102,0.0414506,Up
ENSMUSG00000032332.17,Col12a1,1.24538,0.0131,0.0508408,Up
ENSMUSG00000026893.4,Gca,-1.24532,0.0276,0.0911901,Down
ENSMUSG00000030917.12,Tmem159,1.24169,0.0029,0.0150613,Up
ENSMUSG00000043843.16,Tmem145,-1.24159,5e-05,0.000496523,Down
ENSMUSG00000093445.7,Lrch4,1.2414,0.0236,0.0805669,Up
ENSMUSG00000059751.7,Rps3a3,1.24105,2e-04,0.0016564,Up
ENSMUSG00000027984.8,Hadh,1.24064,5e-05,0.000496523,Up
ENSMUSG00000020422.13,Tns3,1.24004,5e-05,0.000496523,Up
ENSMUSG00000035439.13,Haus8,1.23889,0.0053,0.0246599,Up
ENSMUSG00000010803.12,Gabra1,-1.23885,5e-05,0.000496523,Down
ENSMUSG00000055044.12,Pdlim1,1.23408,5e-05,0.000496523,Up
ENSMUSG00000036192.15,Rorb,-1.23193,5e-05,0.000496523,Down
ENSMUSG00000023348.11,Trip6,1.23151,0.0124,0.0486869,Up
ENSMUSG00000027243.8,Harbi1,-1.23142,0.0498,0.141928,Down
ENSMUSG00000096544.2,Gm4617,1.23109,7e-04,0.00471333,Up
ENSMUSG00000032092.4,Mpzl2,1.22963,0.00045,0.0032788,Up
ENSMUSG00000002032.16,Tmem25,-1.22962,5e-05,0.000496523,Down
ENSMUSG00000030978.9,Rrm1,1.22497,5e-05,0.000496523,Up
ENSMUSG00000050022.16,Amz1,1.22428,5e-05,0.000496523,Up
ENSMUSG00000024810.16,Il33,1.22418,5e-05,0.000496523,Up
ENSMUSG00000068117.9,Mei1,-1.22198,1e-04,0.00091011,Down
ENSMUSG00000016128.14,Stard13,1.22092,0.00315,0.0161838,Up
ENSMUSG00000017386.10,Traf4,1.21955,5e-04,0.0035596,Up
ENSMUSG00000009614.16,Sardh,1.21949,0.00085,0.00554016,Up
ENSMUSG00000042662.16,Dusp15,-1.21654,0.023,0.0789743,Down
ENSMUSG00000015247.10,Nipsnap3b,1.21643,5e-05,0.000496523,Up
ENSMUSG00000022885.15,St6gal1,1.21606,5e-05,0.000496523,Up
ENSMUSG00000032902.1,Slc16a1,1.21537,5e-05,0.000496523,Up
ENSMUSG00000103358.1,Gm37593,-1.21536,5e-05,0.000496523,Down
ENSMUSG00000028710.16,Atpaf1,-1.21377,5e-05,0.000496523,Down
ENSMUSG00000056612.6,Ppp1r14b,1.21367,5e-05,0.000496523,Up
ENSMUSG00000035783.8,Acta2,1.21279,5e-05,0.000496523,Up
ENSMUSG00000007594.9,Hapln4,-1.21277,5e-05,0.000496523,Down
ENSMUSG00000032698.15,Lmo2,1.21219,0.01695,0.0622619,Up
ENSMUSG00000028073.15,Pear1,1.21033,0.01155,0.0460333,Up
ENSMUSG00000020396.8,Nefh,-1.21021,5e-05,0.000496523,Down
ENSMUSG00000037936.15,Scarb1,1.20963,5e-05,0.000496523,Up
ENSMUSG00000020743.15,Mif4gd,1.2096,0.00125,0.00763084,Up
ENSMUSG00000028990.13,Lzic,1.20874,0.00155,0.00904021,Up
ENSMUSG00000015714.11,Cers2,1.20868,5e-05,0.000496523,Up
ENSMUSG00000021747.11,4930452B06Rik,-1.20798,5e-05,0.000496523,Down
ENSMUSG00000015335.16,Zdhhc12,1.20797,0.0234,0.0800601,Up
ENSMUSG00000023019.12,Gpd1,1.20475,5e-05,0.000496523,Up
ENSMUSG00000061132.13,Blnk,1.20383,0.00025,0.00198959,Up
ENSMUSG00000104882.1,Gm43096,1.19817,0.04295,0.12704,Up
ENSMUSG00000102744.1,5830444F18Rik,-1.19773,0.04285,0.126774,Down
ENSMUSG00000056771.7,Gm10010,-1.19684,0.007,0.0308045,Down
ENSMUSG00000026384.13,Ptpn4,-1.19593,0.002,0.0111567,Down
ENSMUSG00000040616.3,Tmem51,1.1958,5e-05,0.000496523,Up
ENSMUSG00000045903.8,Npas4,-1.19372,5e-05,0.000496523,Down
ENSMUSG00000028961.15,Pgd,1.19364,5e-05,0.000496523,Up
ENSMUSG00000043257.15,Pigv,1.19326,0.0385,0.11674,Up
ENSMUSG00000025026.14,Add3,1.19255,5e-05,0.000496523,Up
ENSMUSG00000003573.15,Homer3,1.19195,0.00035,0.00263998,Up
ENSMUSG00000027520.15,Zdbf2,-1.19186,0.0209,0.073407,Down
ENSMUSG00000046909.9,Tefm,1.1916,0.0085,0.0358559,Up
ENSMUSG00000043964.14,Orai3,1.19158,0.0013,0.00787032,Up
ENSMUSG00000040543.16,Pitpnm3,-1.19025,5e-05,0.000496523,Down
ENSMUSG00000032890.17,Rims3,-1.18975,5e-05,0.000496523,Down
ENSMUSG00000022054.11,Nefm,-1.18833,0.00095,0.00604603,Down
ENSMUSG00000026956.15,Uap1l1,1.18815,5e-05,0.000496523,Up
ENSMUSG00000045404.15,Kcnk13,1.18815,0.00105,0.00657799,Up
ENSMUSG00000045799.5,Gm9800,1.18805,0.03345,0.105443,Up
ENSMUSG00000034584.3,Exph5,-1.18785,0.00115,0.00711831,Down
ENSMUSG00000007833.13,Aldh16a1,1.18781,0.0054,0.0250501,Up
ENSMUSG00000013150.15,Gfod2,1.1878,0.001,0.00630289,Up
ENSMUSG00000017978.18,Cadps2,-1.18738,5e-05,0.000496523,Down
ENSMUSG00000030792.7,Dkkl1,-1.18729,5e-05,0.000496523,Down
ENSMUSG00000042453.14,Reln,-1.18668,0.00175,0.0100093,Down
ENSMUSG00000056069.8,Fam105a,1.18653,5e-05,0.000496523,Up
ENSMUSG00000029910.14,Mad2l1,1.18645,0.0346,0.107972,Up
ENSMUSG00000013076.15,Amotl1,1.18594,5e-05,0.000496523,Up
ENSMUSG00000064329.13,Scn1a,-1.18545,5e-05,0.000496523,Down
ENSMUSG00000045613.9,Chrm2,-1.18537,4e-04,0.00295434,Down
ENSMUSG00000039682.12,Lap3,1.18399,5e-05,0.000496523,Up
ENSMUSG00000027434.11,Nkx2-2,1.18294,0.0291,0.095109,Up
ENSMUSG00000030199.16,Etv6,1.18227,5e-05,0.000496523,Up
ENSMUSG00000044243.3,Bhlha9,-1.1816,0.0067,0.0297371,Down
ENSMUSG00000093668.3,Pou5f2,-1.1806,0.03695,0.113201,Down
ENSMUSG00000020415.16,Pttg1,1.17808,5e-05,0.000496523,Up
ENSMUSG00000095139.2,Pou3f2,-1.17804,5e-05,0.000496523,Down
ENSMUSG00000005973.6,Rcn1,1.17795,5e-05,0.000496523,Up
ENSMUSG00000073982.10,Rhog,1.17688,5e-05,0.000496523,Up
ENSMUSG00000060143.6,Gm10076,1.17602,0.00445,0.021561,Up
ENSMUSG00000030824.15,Nucb1,1.17539,0.0111,0.0445254,Up
ENSMUSG00000026094.14,Stk17b,1.17514,5e-05,0.000496523,Up
ENSMUSG00000038872.9,Zfhx3,1.17461,0.02035,0.0718409,Up
ENSMUSG00000034320.14,Slc26a2,1.17454,5e-05,0.000496523,Up
ENSMUSG00000097428.1,AW047730,-1.17392,5e-05,0.000496523,Down
ENSMUSG00000001128.7,Cfp,1.17386,0.0032,0.0164135,Up
ENSMUSG00000075224.8,Lrrc55,-1.1738,5e-05,0.000496523,Down
ENSMUSG00000075705.12,Msrb1,1.17329,5e-05,0.000496523,Up
ENSMUSG00000056367.14,Actr3b,-1.17268,5e-05,0.000496523,Down
ENSMUSG00000015575.14,Atp6v0e,1.17247,5e-05,0.000496523,Up
ENSMUSG00000031521.4,Aga,1.17229,5e-05,0.000496523,Up
ENSMUSG00000046841.4,Ckap4,1.17113,5e-05,0.000496523,Up
ENSMUSG00000029875.4,Ccdc184,-1.17011,5e-05,0.000496523,Down
ENSMUSG00000035356.16,Nfkbiz,1.16971,0.00015,0.00129406,Up
ENSMUSG00000024430.13,Cabyr,-1.16856,5e-05,0.000496523,Down
ENSMUSG00000039345.15,Mettl22,-1.16759,0.0057,0.0262069,Down
ENSMUSG00000022309.8,Angpt1,1.16732,5e-04,0.0035596,Up
ENSMUSG00000082633.1,Gm15779,-1.16658,0.0198,0.0703994,Down
ENSMUSG00000029054.8,Gabrd,-1.16508,5e-05,0.000496523,Down
ENSMUSG00000097801.1,Gm26777,-1.16477,0.00155,0.00904021,Down
ENSMUSG00000024805.15,Pcgf5,1.16462,0.0036,0.0181064,Up
ENSMUSG00000029056.13,Pank4,1.16453,0.0034,0.0172824,Up
ENSMUSG00000045672.15,Col27a1,1.16453,0.02105,0.0738087,Up
ENSMUSG00000026765.12,Lypd6b,-1.16212,5e-05,0.000496523,Down
ENSMUSG00000019846.11,Lama4,1.16202,0.0403,0.120696,Up
ENSMUSG00000045180.13,Shroom2,-1.16197,5e-05,0.000496523,Down
ENSMUSG00000043572.7,Pars2,-1.16021,0.00815,0.0347452,Down
ENSMUSG00000020869.8,Lrrc59,1.15984,0.00315,0.0161838,Up
ENSMUSG00000054894.5,Atp5s,-1.15934,0.00285,0.0148327,Down
ENSMUSG00000029560.12,Snx8,1.15928,5e-05,0.000496523,Up
ENSMUSG00000028382.15,Ptbp3,1.15927,0.02815,0.0926623,Up
ENSMUSG00000084106.4,Gm6136,1.15892,0.02145,0.0749573,Up
ENSMUSG00000020686.12,Gas2l2,-1.15772,0.0037,0.0184673,Down
ENSMUSG00000027712.13,Anxa5,1.15761,5e-05,0.000496523,Up
ENSMUSG00000032312.6,Csk,1.15718,5e-05,0.000496523,Up
ENSMUSG00000075254.11,Heg1,1.15561,0.00025,0.00198959,Up
ENSMUSG00000021036.10,Sptlc2,1.15435,0.0094,0.0388219,Up
ENSMUSG00000021248.8,Tmed10,1.15432,5e-05,0.000496523,Up
ENSMUSG00000047797.14,Gjb1,1.15432,5e-05,0.000496523,Up
ENSMUSG00000028936.15,Rpl22,1.15387,5e-05,0.000496523,Up
ENSMUSG00000035441.14,Myo1d,1.15383,5e-05,0.000496523,Up
ENSMUSG00000024177.8,Nme4,1.15375,0.02515,0.0849248,Up
ENSMUSG00000041911.3,Dlx1,-1.15347,0.0209,0.073407,Down
ENSMUSG00000028645.10,Slc2a1,1.15305,5e-05,0.000496523,Up
ENSMUSG00000008398.14,Elk3,1.15303,0.0074,0.0321997,Up
ENSMUSG00000002055.9,Spag5,1.15159,0.01605,0.0596438,Up
ENSMUSG00000032434.8,Cmtm6,1.1511,5e-05,0.000496523,Up
ENSMUSG00000046480.5,Scn4b,-1.15073,5e-05,0.000496523,Down
ENSMUSG00000028639.14,Ybx1,1.15028,5e-05,0.000496523,Up
ENSMUSG00000042604.5,Kcna4,-1.14911,0.00935,0.0387571,Down
ENSMUSG00000037904.14,Ankrd9,-1.14873,8e-04,0.0052612,Down
ENSMUSG00000092230.1,Gm18889,1.14761,0.02665,0.0889025,Up
ENSMUSG00000026709.10,Dars2,1.14635,0.02205,0.0765801,Up
ENSMUSG00000028800.15,Hdac1,1.14574,5e-05,0.000496523,Up
ENSMUSG00000025362.5,Rps26,1.14485,5e-05,0.000496523,Up
ENSMUSG00000060639.5,Hist1h4i,1.14342,0.0117,0.0464226,Up
ENSMUSG00000028015.3,Ctso,1.14296,0.00325,0.016622,Up
ENSMUSG00000040033.15,Stat2,1.14269,0.00075,0.00500121,Up
ENSMUSG00000028163.17,Nfkb1,1.14194,1e-04,0.00091011,Up
ENSMUSG00000042293.7,Gm5617,1.14174,0.03395,0.106505,Up
ENSMUSG00000036968.15,Cnpy4,1.14121,5e-05,0.000496523,Up
ENSMUSG00000033615.9,Cplx1,-1.14088,5e-05,0.000496523,Down
ENSMUSG00000044676.9,Zfp612,-1.14063,5e-05,0.000496523,Down
ENSMUSG00000026429.8,Ube2t,1.1405,0.00855,0.0359934,Up
ENSMUSG00000029470.15,P2rx4,1.14023,2e-04,0.0016564,Up
ENSMUSG00000035934.15,Pknox2,-1.13988,0.00625,0.0280809,Down
ENSMUSG00000030518.17,Fam189a1,-1.13941,0.0073,0.031865,Down
ENSMUSG00000028673.10,Fuca1,1.13903,5e-05,0.000496523,Up
ENSMUSG00000042099.15,Kank3,1.13853,0.00915,0.0380423,Up
ENSMUSG00000044026.2,Slc35g1,1.13813,3e-04,0.00231628,Up
ENSMUSG00000090698.2,Apold1,1.13734,0.0011,0.00683607,Up
ENSMUSG00000070392.4,Gm20634,1.13718,0.00935,0.0387571,Up
ENSMUSG00000031119.4,Gpc4,1.13549,7e-04,0.00471333,Up
ENSMUSG00000013523.13,Bcas1,1.13371,5e-05,0.000496523,Up
ENSMUSG00000053214.7,Gm9899,-1.13333,0.0014,0.00834559,Down
ENSMUSG00000103477.1,5930409G06Rik,-1.13275,0.0022,0.0120452,Down
ENSMUSG00000059554.12,Ccdc28a,-1.13172,1e-04,0.00091011,Down
ENSMUSG00000052681.7,Rap1b,1.13125,5e-05,0.000496523,Up
ENSMUSG00000044060.17,A830010M20Rik,-1.13109,5e-05,0.000496523,Down
ENSMUSG00000097204.2,Gm17690,1.12996,0.0459,0.133728,Up
ENSMUSG00000032487.8,Ptgs2,1.12976,5e-04,0.0035596,Up
ENSMUSG00000027935.14,Rab13,1.12888,0.00195,0.0109219,Up
ENSMUSG00000032300.6,1700017B05Rik,1.12882,5e-05,0.000496523,Up
ENSMUSG00000039263.16,Npepl1,1.12861,0.01645,0.0608209,Up
ENSMUSG00000039278.10,Pcsk1n,-1.1284,5e-05,0.000496523,Down
ENSMUSG00000075266.4,Cenpw,1.12837,5e-05,0.000496523,Up
ENSMUSG00000028228.5,Cpne3,1.12765,5e-05,0.000496523,Up
ENSMUSG00000079111.3,Kdelr2,1.12663,5e-05,0.000496523,Up
ENSMUSG00000005142.9,Man2b1,1.12661,5e-05,0.000496523,Up
ENSMUSG00000025758.10,Plk4,1.1266,0.0176,0.0641187,Up
ENSMUSG00000061330.7,Gm11361,1.12643,5e-05,0.000496523,Up
ENSMUSG00000074457.10,S100a16,1.12456,5e-05,0.000496523,Up
ENSMUSG00000027318.17,Adam33,-1.12441,0.00115,0.00711831,Down
ENSMUSG00000020282.18,Rhbdf1,1.12417,0.00375,0.0187018,Up
ENSMUSG00000000001.4,Gnai3,1.12213,5e-05,0.000496523,Up
ENSMUSG00000005986.15,Ankrd13d,-1.12193,7e-04,0.00471333,Down
ENSMUSG00000022594.14,Lynx1,-1.1208,0.0011,0.00683607,Down
ENSMUSG00000025612.5,Bach1,1.12005,0.00025,0.00198959,Up
ENSMUSG00000020464.15,Pnpt1,1.11842,0.00015,0.00129406,Up
ENSMUSG00000024197.9,Plin3,1.11531,5e-05,0.000496523,Up
ENSMUSG00000027160.16,Ccdc34,1.11526,5e-05,0.000496523,Up
ENSMUSG00000036305.6,Rpl39-ps,1.11491,0.02385,0.0811749,Up
ENSMUSG00000032381.5,Fam96a,1.11415,5e-05,0.000496523,Up
ENSMUSG00000025776.13,Crispld1,-1.11201,8e-04,0.0052612,Down
ENSMUSG00000064246.10,Chil1,1.1117,0.02475,0.0838019,Up
ENSMUSG00000038422.2,Hdhd3,1.11106,0.0046,0.0220555,Up
ENSMUSG00000048376.5,F2r,1.11102,0.00125,0.00763084,Up
ENSMUSG00000044024.15,Rell2,-1.11088,0.0153,0.0574756,Down
ENSMUSG00000026276.17,Sept2,1.11054,5e-05,0.000496523,Up
ENSMUSG00000042079.13,Hnrnpf,1.11011,0.00515,0.0240973,Up
ENSMUSG00000058325.5,Dock1,1.10931,0.00015,0.00129406,Up
ENSMUSG00000014873.15,Surf2,1.10894,0.001,0.00630289,Up
ENSMUSG00000004451.14,Ralb,1.10893,5e-05,0.000496523,Up
ENSMUSG00000040188.9,Scamp2,1.10891,5e-05,0.000496523,Up
ENSMUSG00000025862.14,Stag2,-1.10876,0.02135,0.0746919,Down
ENSMUSG00000029178.14,Klf3,1.10798,2e-04,0.0016564,Up
ENSMUSG00000028223.8,Decr1,1.10784,5e-05,0.000496523,Up
ENSMUSG00000033726.8,Emx1,-1.10673,5e-05,0.000496523,Down
ENSMUSG00000029171.12,Pgm1,1.1056,0.04035,0.120758,Up
ENSMUSG00000084289.1,Gm6977,1.10523,0.03175,0.101344,Up
ENSMUSG00000026142.15,Rhbdd1,1.10456,3e-04,0.00231628,Up
ENSMUSG00000038319.14,Kcnh2,-1.10408,7e-04,0.00471333,Down
ENSMUSG00000108633.1,RP23-285C18.7,1.10331,0.01495,0.0565025,Up
ENSMUSG00000061576.15,Dpp6,-1.10313,0.00085,0.00554016,Down
ENSMUSG00000052949.14,Rnf157,-1.10311,5e-05,0.000496523,Down
ENSMUSG00000101838.6,Gm18800,-1.10287,0.0343,0.107386,Down
ENSMUSG00000074743.4,Thbd,1.10214,5e-05,0.000496523,Up
ENSMUSG00000027994.14,Ccdc109b,1.10197,0.03495,0.108791,Up
ENSMUSG00000029651.16,Mtus2,-1.10183,0.00025,0.00198959,Down
ENSMUSG00000029153.11,Ociad2,-1.10108,5e-05,0.000496523,Down
ENSMUSG00000022070.6,Bora,1.10019,0.00605,0.0274203,Up
ENSMUSG00000015290.15,Ubl4a,1.09966,0.00045,0.0032788,Up
ENSMUSG00000026610.13,Esrrg,-1.09938,0.00025,0.00198959,Down
ENSMUSG00000027936.18,Crtc2,1.09796,0.00055,0.00386244,Up
ENSMUSG00000005481.17,Ddx39,1.09682,2e-04,0.0016564,Up
ENSMUSG00000002043.16,Trappc6a,1.09635,0.00085,0.00554016,Up
ENSMUSG00000100018.1,Gm7776,1.09607,0.02035,0.0718409,Up
ENSMUSG00000021756.12,Il6st,1.09206,9e-04,0.00578711,Up
ENSMUSG00000059540.15,Tcea2,-1.09194,7e-04,0.00471333,Down
ENSMUSG00000036578.7,Fxyd7,-1.091,5e-05,0.000496523,Down
ENSMUSG00000039007.9,Cpq,1.0909,0.0018,0.0102247,Up
ENSMUSG00000018459.15,Slc13a3,1.08982,9e-04,0.00578711,Up
ENSMUSG00000026176.13,Ctdsp1,1.08907,0.00075,0.00500121,Up
ENSMUSG00000023034.6,Nr4a1,-1.08902,5e-05,0.000496523,Down
ENSMUSG00000049744.15,Arhgap15,-1.08813,8e-04,0.0052612,Down
ENSMUSG00000033589.3,Reep4,1.08773,2e-04,0.0016564,Up
ENSMUSG00000028081.6,Rps3a1,-1.08772,0.00235,0.0126931,Down
ENSMUSG00000037386.15,Rims2,-1.08755,5e-05,0.000496523,Down
ENSMUSG00000056116.18,H2-T22,1.08695,5e-05,0.000496523,Up
ENSMUSG00000027639.16,Samhd1,1.08563,0.00065,0.00443922,Up
ENSMUSG00000031626.16,Sorbs2,-1.08549,0.00065,0.00443922,Down
ENSMUSG00000042182.16,Bend6,-1.08506,5e-05,0.000496523,Down
ENSMUSG00000045314.5,Sowahb,-1.08395,5e-05,0.000496523,Down
ENSMUSG00000022602.14,Arc,-1.08392,5e-05,0.000496523,Down
ENSMUSG00000021932.13,Rnaseh2b,1.0839,0.0039,0.0193104,Up
ENSMUSG00000028234.6,Rps20,1.08226,5e-05,0.000496523,Up
ENSMUSG00000052684.4,Jun,1.08209,5e-05,0.000496523,Up
ENSMUSG00000026167.14,Wnt10a,-1.0818,0.00105,0.00657799,Down
ENSMUSG00000049288.4,Lix1l,1.08143,5e-05,0.000496523,Up
ENSMUSG00000020485.14,Supt4a,-1.08089,0.01455,0.0552767,Down
ENSMUSG00000036833.16,Pnpla7,1.07984,5e-05,0.000496523,Up
ENSMUSG00000038026.12,Kcnj9,-1.07975,5e-05,0.000496523,Down
ENSMUSG00000022175.8,Lrp10,1.07732,5e-05,0.000496523,Up
ENSMUSG00000056211.13,R3hdm1,-1.07725,5e-05,0.000496523,Down
ENSMUSG00000003032.8,Klf4,1.07662,5e-05,0.000496523,Up
ENSMUSG00000005043.13,Sgsh,1.07623,0.01085,0.0437061,Up
ENSMUSG00000050965.14,Prkca,-1.07595,5e-05,0.000496523,Down
ENSMUSG00000023007.15,Prpf40b,-1.07582,5e-05,0.000496523,Down
ENSMUSG00000029471.13,Camkk2,-1.0758,5e-05,0.000496523,Down
ENSMUSG00000064179.13,Tnnt1,-1.07537,0.00255,0.0135495,Down
ENSMUSG00000025525.12,Apool,1.07466,0.01715,0.0628109,Up
ENSMUSG00000030551.13,Nr2f2,1.07366,5e-05,0.000496523,Up
ENSMUSG00000067818.6,Myl9,1.07353,0.0041,0.020172,Up
ENSMUSG00000046550.8,Spin2c,-1.07337,0.02605,0.0872289,Down
ENSMUSG00000017412.15,Cacnb4,-1.07318,0.0151,0.0569655,Down
ENSMUSG00000028111.4,Ctsk,1.07312,0.00575,0.026388,Up
ENSMUSG00000018042.17,Cyb5r3,1.0727,5e-05,0.000496523,Up
ENSMUSG00000107273.1,AC116138.1,-1.07242,0.02445,0.0828765,Down
ENSMUSG00000005803.14,Sqrdl,1.07188,0.0053,0.0246599,Up
ENSMUSG00000020053.18,Igf1,1.0717,0.00065,0.00443922,Up
ENSMUSG00000079598.3,Clec2l,-1.07103,5e-05,0.000496523,Down
ENSMUSG00000023886.9,Smoc2,1.0702,5e-05,0.000496523,Up
ENSMUSG00000028033.16,Kcnq5,-1.06967,5e-05,0.000496523,Down
ENSMUSG00000046613.18,Vwa5b2,-1.06948,1e-04,0.00091011,Down
ENSMUSG00000016528.10,Mapkapk2,1.06776,5e-05,0.000496523,Up
ENSMUSG00000038418.7,Egr1,-1.06742,5e-05,0.000496523,Down
ENSMUSG00000011257.19,Pabpc4,1.06736,0.01625,0.060189,Up
ENSMUSG00000038312.10,Edem2,1.06589,0.00135,0.00809414,Up
ENSMUSG00000041235.11,Chd7,1.06589,0.0015,0.00880231,Up
ENSMUSG00000038764.14,Ptpn3,-1.06411,0.0213,0.074601,Down
ENSMUSG00000021301.8,Hecw1,-1.06394,5e-05,0.000496523,Down
ENSMUSG00000075033.3,Nxpe3,-1.06194,5e-05,0.000496523,Down
ENSMUSG00000044005.13,Gls2,-1.06156,1e-04,0.00091011,Down
ENSMUSG00000049969.3,Plekhf2,1.06093,5e-05,0.000496523,Up
ENSMUSG00000030302.16,Atp2b2,-1.06077,5e-05,0.000496523,Down
ENSMUSG00000062127.11,Cttnbp2nl,1.06056,5e-05,0.000496523,Up
ENSMUSG00000058975.6,Kcnc1,-1.06047,5e-05,0.000496523,Down
ENSMUSG00000017009.3,Sdc4,1.06037,5e-05,0.000496523,Up
ENSMUSG00000032224.14,Fam81a,-1.05999,5e-05,0.000496523,Down
ENSMUSG00000061306.15,Slc38a10,1.05912,5e-05,0.000496523,Up
ENSMUSG00000022438.6,Parvb,1.05908,0.014,0.0536962,Up
ENSMUSG00000073155.12,1810058I24Rik,1.05842,5e-05,0.000496523,Up
ENSMUSG00000047250.13,Ptgs1,1.05554,5e-05,0.000496523,Up
ENSMUSG00000040584.8,Abcb1a,1.05534,5e-05,0.000496523,Up
ENSMUSG00000046605.14,B3gntl1,1.05464,0.039,0.117796,Up
ENSMUSG00000029189.10,Sel1l3,-1.05392,5e-05,0.000496523,Down
ENSMUSG00000073424.9,Cyp4f15,-1.0527,0.0021,0.0116,Down
ENSMUSG00000037509.18,Arhgef4,-1.05255,0.0025,0.0133581,Down
ENSMUSG00000022055.7,Nefl,-1.0525,5e-05,0.000496523,Down
ENSMUSG00000040811.15,Eml2,-1.05198,5e-05,0.000496523,Down
ENSMUSG00000050666.13,Vstm4,1.05155,0.00215,0.0118183,Up
ENSMUSG00000021453.2,Gadd45g,1.05098,1e-04,0.00091011,Up
ENSMUSG00000027808.8,Serp1,1.05098,5e-05,0.000496523,Up
ENSMUSG00000005057.13,Sh2b2,1.04988,0.008,0.034294,Up
ENSMUSG00000068196.4,Col8a1,1.04964,6e-04,0.00415717,Up
ENSMUSG00000034487.3,Kdelc2,1.04947,0.0013,0.00787032,Up
ENSMUSG00000022763.16,Aifm3,-1.04908,5e-05,0.000496523,Down
ENSMUSG00000029687.16,Ezh2,1.04869,0.0014,0.00834559,Up
ENSMUSG00000026600.12,Soat1,1.04851,0.03375,0.1062,Up
ENSMUSG00000079018.10,Ly6c1,1.04841,5e-05,0.000496523,Up
ENSMUSG00000062937.7,Mtap,1.0483,0.00025,0.00198959,Up
ENSMUSG00000031887.13,Tradd,1.04748,0.00355,0.0179129,Up
ENSMUSG00000052302.5,Tbc1d30,-1.047,5e-05,0.000496523,Down
ENSMUSG00000046312.4,AI464131,-1.04628,0.0022,0.0120452,Down
ENSMUSG00000039154.6,Shd,-1.04585,0.00045,0.0032788,Down
ENSMUSG00000024513.16,Mbd2,1.04554,5e-05,0.000496523,Up
ENSMUSG00000029781.7,Fkbp9,1.04437,5e-05,0.000496523,Up
ENSMUSG00000031266.6,Gla,1.04415,0.0174,0.0634832,Up
ENSMUSG00000019810.15,Fuca2,1.04388,0.0208,0.0732214,Up
ENSMUSG00000036437.5,Npy1r,-1.0422,4e-04,0.00295434,Down
ENSMUSG00000024620.11,Pdgfrb,1.04204,5e-05,0.000496523,Up
ENSMUSG00000048978.13,Nrsn1,-1.04119,5e-05,0.000496523,Down
ENSMUSG00000092545.7,Gm20319,-1.03983,0.03565,0.110416,Down
ENSMUSG00000020436.17,Gabrg2,-1.0398,5e-05,0.000496523,Down
ENSMUSG00000030055.16,Rab43,1.03948,0.0474,0.136592,Up
ENSMUSG00000105345.1,BC030343,-1.03863,0.0026,0.0137563,Down
ENSMUSG00000006301.17,Tmbim1,1.03684,0.0039,0.0193104,Up
ENSMUSG00000018102.4,Hist1h2bc,1.03657,5e-05,0.000496523,Up
ENSMUSG00000036478.7,Btg1,1.03647,5e-05,0.000496523,Up
ENSMUSG00000021708.16,Rasgrf2,-1.03548,5e-05,0.000496523,Down
ENSMUSG00000036918.15,Ttc7,1.03524,0.00025,0.00198959,Up
ENSMUSG00000040952.16,Rps19,1.03472,5e-05,0.000496523,Up
ENSMUSG00000072915.3,Gm12258,-1.03315,8e-04,0.0052612,Down
ENSMUSG00000032268.13,Tmprss5,1.03279,0.01695,0.0622619,Up
ENSMUSG00000070880.10,Gad1,-1.03252,5e-05,0.000496523,Down
ENSMUSG00000037992.16,Rara,1.03136,0.0252,0.0850474,Up
ENSMUSG00000030189.15,Ybx3,1.03078,5e-05,0.000496523,Up
ENSMUSG00000028931.11,Kcnab2,-1.03016,1e-04,0.00091011,Down
ENSMUSG00000036264.9,Fstl4,-1.02977,5e-05,0.000496523,Down
ENSMUSG00000035212.14,Leprot,1.0297,5e-05,0.000496523,Up
ENSMUSG00000021365.14,Nedd9,1.02963,3e-04,0.00231628,Up
ENSMUSG00000033542.13,Arhgef5,1.02909,0.0183,0.0660491,Up
ENSMUSG00000021219.16,Rgs6,-1.02874,0.00855,0.0359934,Down
ENSMUSG00000027646.15,Src,-1.02841,5e-05,0.000496523,Down
ENSMUSG00000071324.11,Armc2,-1.02821,2e-04,0.0016564,Down
ENSMUSG00000038415.9,Foxq1,1.02783,0.00025,0.00198959,Up
ENSMUSG00000025902.13,Sox17,1.027,0.0039,0.0193104,Up
ENSMUSG00000053898.12,Ech1,1.02672,5e-04,0.0035596,Up
ENSMUSG00000027004.3,Frzb,-1.0265,5e-05,0.000496523,Down
ENSMUSG00000034227.7,Foxj1,1.02642,0.00345,0.0174865,Up
ENSMUSG00000039252.11,Lgi2,-1.02537,5e-05,0.000496523,Down
ENSMUSG00000021360.15,Gcnt2,1.02503,0.0054,0.0250501,Up
ENSMUSG00000038037.4,Socs1,1.02433,0.00685,0.0302623,Up
ENSMUSG00000022523.9,Fgf12,-1.02401,5e-05,0.000496523,Down
ENSMUSG00000037463.14,Fbxo27,-1.02401,0.00355,0.0179129,Down
ENSMUSG00000024369.16,Nelfe,1.02318,5e-04,0.0035596,Up
ENSMUSG00000025403.4,Shmt2,1.02206,0.01125,0.0450544,Up
ENSMUSG00000025092.6,Hspa12a,-1.02171,5e-05,0.000496523,Down
ENSMUSG00000025283.15,Sat1,1.02018,5e-05,0.000496523,Up
ENSMUSG00000028519.16,Dab1,-1.01966,0.00635,0.0284274,Down
ENSMUSG00000080059.4,Rps19-ps3,-1.01955,0.01235,0.0485366,Down
ENSMUSG00000020435.17,Osbp2,-1.01813,5e-05,0.000496523,Down
ENSMUSG00000029279.15,Brdt,-1.01777,0.0023,0.0124718,Down
ENSMUSG00000026701.15,Prdx6,1.01621,5e-05,0.000496523,Up
ENSMUSG00000032014.5,Oaf,1.01557,5e-05,0.000496523,Up
ENSMUSG00000025237.15,Parp6,-1.01556,5e-05,0.000496523,Down
ENSMUSG00000016495.12,Plgrkt,1.01514,5e-05,0.000496523,Up
ENSMUSG00000048616.4,Nog,-1.01485,0.01025,0.0416266,Down
ENSMUSG00000030225.11,Dera,1.01481,0.0496,0.141488,Up
ENSMUSG00000031217.8,Efnb1,1.01433,5e-05,0.000496523,Up
ENSMUSG00000030556.12,Lrrc28,-1.01416,0.0045,0.0217185,Down
ENSMUSG00000031285.14,Dcx,-1.01315,5e-05,0.000496523,Down
ENSMUSG00000001053.15,N4bp3,1.01309,2e-04,0.0016564,Up
ENSMUSG00000018507.16,Trpv2,1.01248,0.0078,0.0336223,Up
ENSMUSG00000035849.14,Krt222,-1.01186,5e-05,0.000496523,Down
ENSMUSG00000044734.15,Serpinb1a,1.01087,0.00025,0.00198959,Up
ENSMUSG00000086363.7,A330102I10Rik,-1.01001,0.0117,0.0464226,Down
ENSMUSG00000031665.6,Sall1,1.00991,5e-05,0.000496523,Up
ENSMUSG00000004032.10,Gstm5,-1.0099,5e-04,0.0035596,Down
ENSMUSG00000038065.13,Mturn,-1.00952,5e-05,0.000496523,Down
ENSMUSG00000027602.9,Map1lc3a,-1.00942,5e-05,0.000496523,Down
ENSMUSG00000007613.15,Tgfbr1,1.00928,0.00295,0.0152954,Up
ENSMUSG00000026959.13,Grin1,-1.00926,0.0125,0.0489557,Down
ENSMUSG00000035033.15,Tbr1,-1.00925,5e-05,0.000496523,Down
ENSMUSG00000027220.2,Syt13,-1.0084,5e-05,0.000496523,Down
ENSMUSG00000060424.14,Pantr1,-1.00727,5e-05,0.000496523,Down
ENSMUSG00000034361.9,Cpne2,1.00726,0.02855,0.0936811,Up
ENSMUSG00000020372.15,Gnb2l1,1.00707,5e-05,0.000496523,Up
ENSMUSG00000020075.7,Ddx21,1.0061,5e-05,0.000496523,Up
ENSMUSG00000028691.12,Prdx1,1.00597,5e-05,0.000496523,Up
ENSMUSG00000037649.9,H2-DMa,1.00585,0.00615,0.0277925,Up
ENSMUSG00000098181.1,Rps12-ps24,1.00526,0.00605,0.0274203,Up
ENSMUSG00000035864.14,Syt1,-1.0051,5e-05,0.000496523,Down
ENSMUSG00000027510.17,Rbm38,1.00475,0.0087,0.0365135,Up
ENSMUSG00000051146.2,Camk2n2,-1.00446,5e-05,0.000496523,Down
ENSMUSG00000028833.13,Ncdn,-1.00355,5e-05,0.000496523,Down
ENSMUSG00000010406.11,Mrpl52,1.00303,0.00055,0.00386244,Up
ENSMUSG00000014329.14,Bicc1,1.00123,5e-05,0.000496523,Up
